current_path,size_bytes,sha256,classification,status
00_PROJECT_ADMIN/CLEANUP_PLAN.md,5916,5fc33497ca7eece3d6f0871158fc5dc2b799df00ccbc33205f267670e102552d,PROJECT_ADMIN,NORMALIZED
00_PROJECT_ADMIN/PRE_CLEANUP_FILE_INVENTORY.csv,354238,cc3ea6c5dedd482a5e5048e820a0e1bc2e95ea1f79e014d4657dbd31b4af6a52,PROJECT_ADMIN,NORMALIZED
03_GOVERNANCE_EVIDENCE_READONLY/review-session/ADR_INVENTORY.md,4746,1404b6bf39382c9d82187972898f28a7ee26f0800bf8cad5a5b925be07610b1e,GOVERNANCE_EVIDENCE_IMMUTABLE,NORMALIZED
03_GOVERNANCE_EVIDENCE_READONLY/review-session/ASSUMPTION_REGISTER.md,1803,63d9b3eaa25901987528b077dbaad6effb8becf2f516ccd5704157f6da39ca43,GOVERNANCE_EVIDENCE_IMMUTABLE,NORMALIZED
03_GOVERNANCE_EVIDENCE_READONLY/review-session/C00_FINAL_AUDIT.md,4534,e1a54d78bb91f824442760b9450a2050928711f125914c0a36443d7d01fb9693,GOVERNANCE_EVIDENCE_IMMUTABLE,NORMALIZED
03_GOVERNANCE_EVIDENCE_READONLY/review-session/C00_GAP_TO_C01_SEED_REGISTER.md,5141,e4fbca19492554a37ce4aa812e0b4d24c643d6872e2bbdcfe0abecc522dba235,GOVERNANCE_EVIDENCE_IMMUTABLE,NORMALIZED
03_GOVERNANCE_EVIDENCE_READONLY/review-session/C01_COVERAGE_PLAN.md,5734,fac77bc9978a62b0b4dfcc1303cdf4bfddd6a05162ec931c0a0bc388ff91fdf8,GOVERNANCE_EVIDENCE_IMMUTABLE,NORMALIZED
03_GOVERNANCE_EVIDENCE_READONLY/review-session/C01_COVERAGE_VALIDATION_REPORT.md,628,cca103c552a0c231068ec730c9a72f56bdc64d324e333d992b6add5cdcd17636,GOVERNANCE_EVIDENCE_IMMUTABLE,NORMALIZED
03_GOVERNANCE_EVIDENCE_READONLY/review-session/CONTRACT_INVENTORY.md,988,e0b07fa592da79705d568907cfc136c7f31c0342c36495591cb11dcbc174beae,GOVERNANCE_EVIDENCE_IMMUTABLE,NORMALIZED
03_GOVERNANCE_EVIDENCE_READONLY/review-session/COUNCIL_ROSTER.md,0,e3b0c44298fc1c149afbf4c8996fb92427ae41e4649b934ca495991b7852b855,GOVERNANCE_EVIDENCE_IMMUTABLE,NORMALIZED
03_GOVERNANCE_EVIDENCE_READONLY/review-session/DECISION_LOG.md,0,e3b0c44298fc1c149afbf4c8996fb92427ae41e4649b934ca495991b7852b855,GOVERNANCE_EVIDENCE_IMMUTABLE,NORMALIZED
03_GOVERNANCE_EVIDENCE_READONLY/review-session/DISSENT_REGISTER.md,1463,d549ce66afcec4e79aecd11cef7e75824e591787dd49f7d0f3f4db9c4c0fc848,GOVERNANCE_EVIDENCE_IMMUTABLE,NORMALIZED
03_GOVERNANCE_EVIDENCE_READONLY/review-session/EVIDENCE_LEDGER.md,5643,e8af5845cc48d9702b462657cc1bc6c921d907cc08abbf438043466b6722c28d,GOVERNANCE_EVIDENCE_IMMUTABLE,NORMALIZED
03_GOVERNANCE_EVIDENCE_READONLY/review-session/FINDINGS_REGISTER.md,31982,6bf8febfed7a4ec6b613729cff1ba38ed9b0eb9b5a8bac3d4b7baef663d74b50,GOVERNANCE_EVIDENCE_IMMUTABLE,NORMALIZED
03_GOVERNANCE_EVIDENCE_READONLY/review-session/GATE_RESULTS.md,0,e3b0c44298fc1c149afbf4c8996fb92427ae41e4649b934ca495991b7852b855,GOVERNANCE_EVIDENCE_IMMUTABLE,NORMALIZED
03_GOVERNANCE_EVIDENCE_READONLY/review-session/PROTECTED_CAPABILITY_REGISTER.md,3042,2814d124c527f6053aaabe3563263100a21a06e4becdfce08a541968285f8442,GOVERNANCE_EVIDENCE_IMMUTABLE,NORMALIZED
03_GOVERNANCE_EVIDENCE_READONLY/review-session/REFERENTIAL_INTEGRITY_REPORT.md,604,58eed9cfee37f058534e9491cee4d4072fddce5a86d6c7932b3dc4e9c7f5aa07,GOVERNANCE_EVIDENCE_IMMUTABLE,NORMALIZED
03_GOVERNANCE_EVIDENCE_READONLY/review-session/REPO_INVENTORY.md,970,5a3cce0c60af8a4bad9160f433433ae4c12270874b36553f5602d4ed799d7ab9,GOVERNANCE_EVIDENCE_IMMUTABLE,NORMALIZED
03_GOVERNANCE_EVIDENCE_READONLY/review-session/REQUIREMENT_TRACEABILITY_MATRIX.md,14291,924bcdc4abc384716b80238b11c9bec4b46df554cab795c7f43ea555feb3eae3,GOVERNANCE_EVIDENCE_IMMUTABLE,NORMALIZED
03_GOVERNANCE_EVIDENCE_READONLY/review-session/SESSION_MANIFEST.md,1171,0f5be955866991aa68971d6b4749799ce2d9d7913d6ff8fb1f7bceb518e96aa2,GOVERNANCE_EVIDENCE_IMMUTABLE,NORMALIZED
03_GOVERNANCE_EVIDENCE_READONLY/review-session/SOURCE_FILE_INVENTORY.md,26121,cf552c83c890a3156ce61a62a2fd8109b0eb00b76ddde3a3f2d9c9a1c2272b71,GOVERNANCE_EVIDENCE_IMMUTABLE,NORMALIZED
03_GOVERNANCE_EVIDENCE_READONLY/review-session/SOURCE_IMMUTABILITY_CHECK.md,563,fd99c2342cc619ab488657824e7ed6c01b9a610f4ca7a1fe28e83c050e004d0c,GOVERNANCE_EVIDENCE_IMMUTABLE,NORMALIZED
03_GOVERNANCE_EVIDENCE_READONLY/review-session/SUPPLEMENTARY_SPEC_INVENTORY.md,400,3918b1e8fae339127edd5c6782d248a4e00e69f690a954fcf5beea7992b73c0a,GOVERNANCE_EVIDENCE_IMMUTABLE,NORMALIZED
03_GOVERNANCE_EVIDENCE_READONLY/review-session/SYSTEM_INVARIANT_INVENTORY.md,9745,f7cba8dd2fd9407cf66d680dc9bb71f135d8756f0bd2dbfb4f78283e5ac1af90,GOVERNANCE_EVIDENCE_IMMUTABLE,NORMALIZED
03_GOVERNANCE_EVIDENCE_READONLY/review-session/TRACEABILITY_MATRIX.md,0,e3b0c44298fc1c149afbf4c8996fb92427ae41e4649b934ca495991b7852b855,GOVERNANCE_EVIDENCE_IMMUTABLE,NORMALIZED
03_GOVERNANCE_EVIDENCE_READONLY/review-session/VOTE_RECORD.md,37341,b56fd02ef349e4c1d9e061424c54d8de61899671d0a12dac803f9e0a670640d6,GOVERNANCE_EVIDENCE_IMMUTABLE,NORMALIZED
03_GOVERNANCE_EVIDENCE_READONLY/review-session/RESEARCH/RES-001_RFC8785_CANONICAL_JSON.md,1334,f2642375ae59ae4252003799a6c0dec80d5b3d0f19737bf6decd92ab56367d7c,GOVERNANCE_EVIDENCE_IMMUTABLE,NORMALIZED
03_GOVERNANCE_EVIDENCE_READONLY/review-session/C00_FINAL/ADR_INVENTORY.md,4746,1404b6bf39382c9d82187972898f28a7ee26f0800bf8cad5a5b925be07610b1e,GOVERNANCE_EVIDENCE_IMMUTABLE,NORMALIZED
03_GOVERNANCE_EVIDENCE_READONLY/review-session/C00_FINAL/ASSUMPTION_REGISTER.md,1803,63d9b3eaa25901987528b077dbaad6effb8becf2f516ccd5704157f6da39ca43,GOVERNANCE_EVIDENCE_IMMUTABLE,NORMALIZED
03_GOVERNANCE_EVIDENCE_READONLY/review-session/C00_FINAL/C00_FINAL_AUDIT.md,4534,e1a54d78bb91f824442760b9450a2050928711f125914c0a36443d7d01fb9693,GOVERNANCE_EVIDENCE_IMMUTABLE,NORMALIZED
03_GOVERNANCE_EVIDENCE_READONLY/review-session/C00_FINAL/C00_GAP_TO_C01_SEED_REGISTER.md,5141,e4fbca19492554a37ce4aa812e0b4d24c643d6872e2bbdcfe0abecc522dba235,GOVERNANCE_EVIDENCE_IMMUTABLE,NORMALIZED
03_GOVERNANCE_EVIDENCE_READONLY/review-session/C00_FINAL/C01_COVERAGE_PLAN.md,5734,fac77bc9978a62b0b4dfcc1303cdf4bfddd6a05162ec931c0a0bc388ff91fdf8,GOVERNANCE_EVIDENCE_IMMUTABLE,NORMALIZED
03_GOVERNANCE_EVIDENCE_READONLY/review-session/C00_FINAL/C01_COVERAGE_VALIDATION_REPORT.md,628,cca103c552a0c231068ec730c9a72f56bdc64d324e333d992b6add5cdcd17636,GOVERNANCE_EVIDENCE_IMMUTABLE,NORMALIZED
03_GOVERNANCE_EVIDENCE_READONLY/review-session/C00_FINAL/CONTRACT_INVENTORY.md,6173,4a386bc79cff9d38e11d93f6c852979f856623f6ce5d4b28b30ad1b4b75b174e,GOVERNANCE_EVIDENCE_IMMUTABLE,NORMALIZED
03_GOVERNANCE_EVIDENCE_READONLY/review-session/C00_FINAL/EVIDENCE_LEDGER.md,5643,e8af5845cc48d9702b462657cc1bc6c921d907cc08abbf438043466b6722c28d,GOVERNANCE_EVIDENCE_IMMUTABLE,NORMALIZED
03_GOVERNANCE_EVIDENCE_READONLY/review-session/C00_FINAL/PROTECTED_CAPABILITY_REGISTER.md,8956,74ef7c0f8f1a131283a6f6c8517f844fb584c0247db2aaba57cfeac30c6db27d,GOVERNANCE_EVIDENCE_IMMUTABLE,NORMALIZED
03_GOVERNANCE_EVIDENCE_READONLY/review-session/C00_FINAL/REFERENTIAL_INTEGRITY_REPORT.md,604,58eed9cfee37f058534e9491cee4d4072fddce5a86d6c7932b3dc4e9c7f5aa07,GOVERNANCE_EVIDENCE_IMMUTABLE,NORMALIZED
03_GOVERNANCE_EVIDENCE_READONLY/review-session/C00_FINAL/REPO_INVENTORY.md,9886,cbadc7cabda1ea1e5093a0b0824a04f99c54a3f81d607b64728c0a764d9db98e,GOVERNANCE_EVIDENCE_IMMUTABLE,NORMALIZED
03_GOVERNANCE_EVIDENCE_READONLY/review-session/C00_FINAL/REQUIREMENT_TRACEABILITY_MATRIX.md,13906,ce3bfb118a127ca739a0458dcc4fec0e87c6252ba83207f2e5bb4735a7652887,GOVERNANCE_EVIDENCE_IMMUTABLE,NORMALIZED
03_GOVERNANCE_EVIDENCE_READONLY/review-session/C00_FINAL/SESSION_MANIFEST.md,1171,0f5be955866991aa68971d6b4749799ce2d9d7913d6ff8fb1f7bceb518e96aa2,GOVERNANCE_EVIDENCE_IMMUTABLE,NORMALIZED
03_GOVERNANCE_EVIDENCE_READONLY/review-session/C00_FINAL/SOURCE_FILE_INVENTORY.md,26121,cf552c83c890a3156ce61a62a2fd8109b0eb00b76ddde3a3f2d9c9a1c2272b71,GOVERNANCE_EVIDENCE_IMMUTABLE,NORMALIZED
03_GOVERNANCE_EVIDENCE_READONLY/review-session/C00_FINAL/SOURCE_IMMUTABILITY_CHECK.md,563,fd99c2342cc619ab488657824e7ed6c01b9a610f4ca7a1fe28e83c050e004d0c,GOVERNANCE_EVIDENCE_IMMUTABLE,NORMALIZED
03_GOVERNANCE_EVIDENCE_READONLY/review-session/C00_FINAL/SUPPLEMENTARY_SPEC_INVENTORY.md,400,3918b1e8fae339127edd5c6782d248a4e00e69f690a954fcf5beea7992b73c0a,GOVERNANCE_EVIDENCE_IMMUTABLE,NORMALIZED
03_GOVERNANCE_EVIDENCE_READONLY/review-session/C00_FINAL/SYSTEM_INVARIANT_INVENTORY.md,9745,f7cba8dd2fd9407cf66d680dc9bb71f135d8756f0bd2dbfb4f78283e5ac1af90,GOVERNANCE_EVIDENCE_IMMUTABLE,NORMALIZED
03_GOVERNANCE_EVIDENCE_READONLY/review-session/C00_FINAL/tools/build_c00_final.py,116606,38d74b05d4b5d4f2d7e2dc3275faf944fcc8e527e41b1d2d7ff54a3d8e872079,GOVERNANCE_EVIDENCE_IMMUTABLE,NORMALIZED
03_GOVERNANCE_EVIDENCE_READONLY/review-session/FINAL_FREEZE/FILE_HASHES.json,9636,15d9ca733b8df1522a091881a5a1f411040b64a70de5d8c71bae3ab7daed2bbb,GOVERNANCE_EVIDENCE_IMMUTABLE,NORMALIZED
03_GOVERNANCE_EVIDENCE_READONLY/review-session/FINAL_FREEZE/FINAL_AUDIT_REPORT.md,1247,c6e67a0dab5f56f57d93edc500b3f5530253cc7764a927f05c312a5c6e86fd29,GOVERNANCE_EVIDENCE_IMMUTABLE,NORMALIZED
03_GOVERNANCE_EVIDENCE_READONLY/review-session/FINAL_FREEZE/FINAL_CONTRACT_COMPATIBILITY_MATRIX.md,988,e0b07fa592da79705d568907cfc136c7f31c0342c36495591cb11dcbc174beae,GOVERNANCE_EVIDENCE_IMMUTABLE,NORMALIZED
03_GOVERNANCE_EVIDENCE_READONLY/review-session/FINAL_FREEZE/FINAL_DISSENT_REGISTER.md,1463,d549ce66afcec4e79aecd11cef7e75824e591787dd49f7d0f3f4db9c4c0fc848,GOVERNANCE_EVIDENCE_IMMUTABLE,NORMALIZED
03_GOVERNANCE_EVIDENCE_READONLY/review-session/FINAL_FREEZE/FINAL_IMPLEMENTATION_HANDOFF_INDEX.md,2422,9019c77ee654d68ffc6e486b7885d81522d6acd0409fead242bbeb1a0c510abc,GOVERNANCE_EVIDENCE_IMMUTABLE,NORMALIZED
03_GOVERNANCE_EVIDENCE_READONLY/review-session/FINAL_FREEZE/FINAL_PROTECTED_CAPABILITY_REPORT.md,3042,2814d124c527f6053aaabe3563263100a21a06e4becdfce08a541968285f8442,GOVERNANCE_EVIDENCE_IMMUTABLE,NORMALIZED
03_GOVERNANCE_EVIDENCE_READONLY/review-session/FINAL_FREEZE/FINAL_REPO_DEPENDENCY_GRAPH.md,970,5a3cce0c60af8a4bad9160f433433ae4c12270874b36553f5602d4ed799d7ab9,GOVERNANCE_EVIDENCE_IMMUTABLE,NORMALIZED
03_GOVERNANCE_EVIDENCE_READONLY/review-session/FINAL_FREEZE/FINAL_REQUIREMENT_TRACEABILITY.md,14291,924bcdc4abc384716b80238b11c9bec4b46df554cab795c7f43ea555feb3eae3,GOVERNANCE_EVIDENCE_IMMUTABLE,NORMALIZED
03_GOVERNANCE_EVIDENCE_READONLY/review-session/FINAL_FREEZE/FINAL_RISK_REGISTER.md,1129,386b429a195f4a84ae35ddffbd07ecfb54050678fc66ec61f4d738233dc9d25e,GOVERNANCE_EVIDENCE_IMMUTABLE,NORMALIZED
03_GOVERNANCE_EVIDENCE_READONLY/review-session/FINAL_FREEZE/FINAL_SPEC_MANIFEST.md,1362,145d30f4221488616f6bd22ead52dd1f2e3e505ff9b94e00b41fe1501a8f7f69,GOVERNANCE_EVIDENCE_IMMUTABLE,NORMALIZED
03_GOVERNANCE_EVIDENCE_READONLY/review-session/FINAL_FREEZE/FREEZE_CERTIFICATE.md,2669,f42694c495444dbd8fc13bb199a0d90a2601417f3b08245cfbfc8b92e1aeaaf8,GOVERNANCE_EVIDENCE_IMMUTABLE,NORMALIZED
03_GOVERNANCE_EVIDENCE_READONLY/review-session/FINAL_FREEZE/SPONSOR_PROXY_DECISION.md,954,721c09ba796fb335416bd7de22e0ccc1a5c14e9905796b65ef7401559d8681dd,GOVERNANCE_EVIDENCE_IMMUTABLE,NORMALIZED
03_GOVERNANCE_EVIDENCE_READONLY/review-session/FINAL_FREEZE/build_final_freeze.py,11248,f8045ceac14319f325348f4c84c69b13d696f361c4c523879a24eb652eb1545e,GOVERNANCE_EVIDENCE_IMMUTABLE,NORMALIZED
03_GOVERNANCE_EVIDENCE_READONLY/review-session/FINAL_FREEZE/FROZEN_SPEC_CANDIDATE/COMMITTEE_REVIEW_EDITION.md,1886,6f6b8fd5bd970adc94dc8bd7346cae49fbd06d13fece319e80981f5781598107,GOVERNANCE_EVIDENCE_IMMUTABLE,NORMALIZED
03_GOVERNANCE_EVIDENCE_READONLY/review-session/FINAL_FREEZE/FROZEN_SPEC_CANDIDATE/KIT_MANIFEST.yaml,8566,9fd2e4b8aa5389a341b5a373598d29c9788f2058210e269d533566af8ec53e29,GOVERNANCE_EVIDENCE_IMMUTABLE,NORMALIZED
03_GOVERNANCE_EVIDENCE_READONLY/review-session/FINAL_FREEZE/FROZEN_SPEC_CANDIDATE/README.md,2329,1619091f206a5ca28c2e833ace174abcc1de5dd4c625c4aaea61fa0fb70f09f4,GOVERNANCE_EVIDENCE_IMMUTABLE,NORMALIZED
03_GOVERNANCE_EVIDENCE_READONLY/review-session/FINAL_FREEZE/FROZEN_SPEC_CANDIDATE/VERSION,23,3be0958b67381fd1503034bb4e3d5a82b3b4074ee4a1c5c8b73e03ecf1cccde9,GOVERNANCE_EVIDENCE_IMMUTABLE,NORMALIZED
03_GOVERNANCE_EVIDENCE_READONLY/review-session/FINAL_FREEZE/FROZEN_SPEC_CANDIDATE/04_integration/COMMAND_EVENT_CATALOG.md,1779,a2788dd58b39c463923063318632941c32a874563cae1575dc6c7cb16da7a938,GOVERNANCE_EVIDENCE_IMMUTABLE,NORMALIZED
03_GOVERNANCE_EVIDENCE_READONLY/review-session/FINAL_FREEZE/FROZEN_SPEC_CANDIDATE/04_integration/DEPENDENCY_GRAPH.md,1137,3748427f804dae012efef0d2945b64a1e6bce223ba7bed6f13b461c89bf4de57,GOVERNANCE_EVIDENCE_IMMUTABLE,NORMALIZED
03_GOVERNANCE_EVIDENCE_READONLY/review-session/FINAL_FREEZE/FROZEN_SPEC_CANDIDATE/04_integration/E2E_INTEGRATION_PROTOCOL.md,1633,516be120e98bae406fd9986e71f0907a74460ed97d67fbb97008872d729c5d58,GOVERNANCE_EVIDENCE_IMMUTABLE,NORMALIZED
03_GOVERNANCE_EVIDENCE_READONLY/review-session/FINAL_FREEZE/FROZEN_SPEC_CANDIDATE/04_integration/FREEZE_CHECKLIST.md,1352,d164ab6899c8e3d5f691c6b394cc2430cf67c93709d0d14bb497a8b94f49d279,GOVERNANCE_EVIDENCE_IMMUTABLE,NORMALIZED
03_GOVERNANCE_EVIDENCE_READONLY/review-session/FINAL_FREEZE/FROZEN_SPEC_CANDIDATE/04_integration/LOCAL_DEVELOPMENT.md,762,23a5ecd08d658e55487b984a796ac6a9b8d19d32a6c80b4804c757399287396f,GOVERNANCE_EVIDENCE_IMMUTABLE,NORMALIZED
03_GOVERNANCE_EVIDENCE_READONLY/review-session/FINAL_FREEZE/FROZEN_SPEC_CANDIDATE/04_integration/SECURITY_MODEL.md,2455,462d37643ea97f1a59ba037d200deae952a0f48226258570096987f50098ddea,GOVERNANCE_EVIDENCE_IMMUTABLE,NORMALIZED
03_GOVERNANCE_EVIDENCE_READONLY/review-session/FINAL_FREEZE/FROZEN_SPEC_CANDIDATE/04_integration/TEST_STRATEGY.md,2044,5c4b8b36ae1eff268d60cc9dccbb1d1bf731d3bd4e0dae2484ee4366d350bb38,GOVERNANCE_EVIDENCE_IMMUTABLE,NORMALIZED
03_GOVERNANCE_EVIDENCE_READONLY/review-session/FINAL_FREEZE/FROZEN_SPEC_CANDIDATE/06_adrs/ADR-001_MODULAR_POLYREPO.md,696,ec0fe94c5ffb0d17decb90c9a28ada33193eaf7361ca7e389973c59f549818b7,GOVERNANCE_EVIDENCE_IMMUTABLE,NORMALIZED
03_GOVERNANCE_EVIDENCE_READONLY/review-session/FINAL_FREEZE/FROZEN_SPEC_CANDIDATE/06_adrs/ADR-002_CANONICAL_STATE.md,553,63407d8503675a5487738260d54e586ce5146acd6fd6249951f02c0434176bd0,GOVERNANCE_EVIDENCE_IMMUTABLE,NORMALIZED
03_GOVERNANCE_EVIDENCE_READONLY/review-session/FINAL_FREEZE/FROZEN_SPEC_CANDIDATE/06_adrs/ADR-003_PROVIDER_ABSTRACTION.md,546,5aefe949b3496d96466645000d07c185181a3fe99c17849fc15344f1fb376db7,GOVERNANCE_EVIDENCE_IMMUTABLE,NORMALIZED
03_GOVERNANCE_EVIDENCE_READONLY/review-session/FINAL_FREEZE/FROZEN_SPEC_CANDIDATE/06_adrs/ADR-004_DUAL_FLOW_EXECUTION.md,592,9b8434cd7470d415f78b073602e69e3c51ef1ecc0d900a0889a6e44b84c3c8a0,GOVERNANCE_EVIDENCE_IMMUTABLE,NORMALIZED
03_GOVERNANCE_EVIDENCE_READONLY/review-session/FINAL_FREEZE/FROZEN_SPEC_CANDIDATE/06_adrs/ADR-005_LLM_STATE_MUTATION.md,532,65bde761654cefca16236329cc0e436f073c1611d02f548104ee766fbd4d4525,GOVERNANCE_EVIDENCE_IMMUTABLE,NORMALIZED
03_GOVERNANCE_EVIDENCE_READONLY/review-session/FINAL_FREEZE/FROZEN_SPEC_CANDIDATE/06_adrs/ADR-006_RETRY_POLICY.md,508,5e48a93e699eb58c4911b78d67ab5b56c24b76bee69e6e6edba5521b43feb489,GOVERNANCE_EVIDENCE_IMMUTABLE,NORMALIZED
03_GOVERNANCE_EVIDENCE_READONLY/review-session/FINAL_FREEZE/FROZEN_SPEC_CANDIDATE/06_adrs/ADR-007_BROWSER_SECURITY.md,541,e25b437db993f1cbfeaac686fc38ba21e2d4316dcedbd7945eb1520bf2593d06,GOVERNANCE_EVIDENCE_IMMUTABLE,NORMALIZED
03_GOVERNANCE_EVIDENCE_READONLY/review-session/FINAL_FREEZE/FROZEN_SPEC_CANDIDATE/06_adrs/ADR-008_WORKFLOW_ENGINE.md,579,6e33e8b66988dac4a13cab34e71c96767f70dbfc1939cf42b65866585f2cdea4,GOVERNANCE_EVIDENCE_IMMUTABLE,NORMALIZED
03_GOVERNANCE_EVIDENCE_READONLY/review-session/FINAL_FREEZE/FROZEN_SPEC_CANDIDATE/05_phases/BUILD_ORDER.md,1532,3abb8c7c4be9dcb698771da8ec8a3b919685ed9c77d10a5ea338691f5b8fe813,GOVERNANCE_EVIDENCE_IMMUTABLE,NORMALIZED
03_GOVERNANCE_EVIDENCE_READONLY/review-session/FINAL_FREEZE/FROZEN_SPEC_CANDIDATE/05_phases/PHASE_0_BENCHMARK.md,2129,8ebe179dd9744e70034d86bb3d20a7211fb75af8d8e2fc313b4729e34f563b6e,GOVERNANCE_EVIDENCE_IMMUTABLE,NORMALIZED
03_GOVERNANCE_EVIDENCE_READONLY/review-session/FINAL_FREEZE/FROZEN_SPEC_CANDIDATE/05_phases/PHASE_ROADMAP.md,1837,95e81269b851c0142babf8230cbd2c28ed6f8a47de9b19a9a785a482cda02904,GOVERNANCE_EVIDENCE_IMMUTABLE,NORMALIZED
03_GOVERNANCE_EVIDENCE_READONLY/review-session/FINAL_FREEZE/FROZEN_SPEC_CANDIDATE/08_evidence/REQUIREMENT_TRACEABILITY.md,1680,86b8d9bca722ff7ca377dad235bedad5ffa5d98a53880ff1cb83a02a7614146c,GOVERNANCE_EVIDENCE_IMMUTABLE,NORMALIZED
03_GOVERNANCE_EVIDENCE_READONLY/review-session/FINAL_FREEZE/FROZEN_SPEC_CANDIDATE/08_evidence/SOURCE_LEDGER.md,3413,cd791ac8e2ce129cf6abb0f0467382ac9596b20db7cf42ccbd1d9f8f8dc1262f,GOVERNANCE_EVIDENCE_IMMUTABLE,NORMALIZED
03_GOVERNANCE_EVIDENCE_READONLY/review-session/FINAL_FREEZE/FROZEN_SPEC_CANDIDATE/01_master/DATA_MODEL.md,3173,53c49b09be2675a3c76b70c1171c92711d9fe541989f9d94219d301228dcee92,GOVERNANCE_EVIDENCE_IMMUTABLE,NORMALIZED
03_GOVERNANCE_EVIDENCE_READONLY/review-session/FINAL_FREEZE/FROZEN_SPEC_CANDIDATE/01_master/MASTER_BLUEPRINT.md,8760,5b9559a6ef71c9ce96b66ca9fecc5bcdf491864f02ea6583f62779f2731fc3eb,GOVERNANCE_EVIDENCE_IMMUTABLE,NORMALIZED
03_GOVERNANCE_EVIDENCE_READONLY/review-session/FINAL_FREEZE/FROZEN_SPEC_CANDIDATE/01_master/REPOSITORY_STRATEGY.md,1720,64d05bb86f5cae3568ad6c7bf6a1dd24f04c55caa792fb0f610c582b85b9cbc2,GOVERNANCE_EVIDENCE_IMMUTABLE,NORMALIZED
03_GOVERNANCE_EVIDENCE_READONLY/review-session/FINAL_FREEZE/FROZEN_SPEC_CANDIDATE/01_master/SYSTEM_INVARIANTS.md,1902,1c1457004848af54606da00817f7f8df282119dea121e2a5ff324663d5db73b9,GOVERNANCE_EVIDENCE_IMMUTABLE,NORMALIZED
03_GOVERNANCE_EVIDENCE_READONLY/review-session/FINAL_FREEZE/FROZEN_SPEC_CANDIDATE/03_repo_blueprints/R01_CONTRACTS.md,3525,1990e0e2f97c97469c41a85b28c1d8b51d894cd4421117cf4ddf06bf67cde6c7,GOVERNANCE_EVIDENCE_IMMUTABLE,NORMALIZED
03_GOVERNANCE_EVIDENCE_READONLY/review-session/FINAL_FREEZE/FROZEN_SPEC_CANDIDATE/03_repo_blueprints/R02_CORE_STATE.md,3845,e320f42031e69d9e16a297ec2830283cebdc1863bde82d2d53be158f58c6c0dd,GOVERNANCE_EVIDENCE_IMMUTABLE,NORMALIZED
03_GOVERNANCE_EVIDENCE_READONLY/review-session/FINAL_FREEZE/FROZEN_SPEC_CANDIDATE/03_repo_blueprints/R03_CREATIVE.md,3735,2f63497ba76acf0a61d9dd6335008de9660af3adde2f5fcd9734605f74eddc36,GOVERNANCE_EVIDENCE_IMMUTABLE,NORMALIZED
03_GOVERNANCE_EVIDENCE_READONLY/review-session/FINAL_FREEZE/FROZEN_SPEC_CANDIDATE/03_repo_blueprints/R04_ASSETS_CONTINUITY.md,3873,4162cccfcc47a757c89e91e52ce7c827f7e8f88ebd1b72484f37675d77490af4,GOVERNANCE_EVIDENCE_IMMUTABLE,NORMALIZED
03_GOVERNANCE_EVIDENCE_READONLY/review-session/FINAL_FREEZE/FROZEN_SPEC_CANDIDATE/03_repo_blueprints/R05_PROMPT_COMPILER.md,3631,e53e759c5bb790b5905a8d556c187a438fd79ca713357a25fe63bf514f932ecf,GOVERNANCE_EVIDENCE_IMMUTABLE,NORMALIZED
03_GOVERNANCE_EVIDENCE_READONLY/review-session/FINAL_FREEZE/FROZEN_SPEC_CANDIDATE/03_repo_blueprints/R06_WORKFLOW.md,3838,c4e8535c33b1ef8bd64388a59e6a685b8a718e0b8095259053423ed755565040,GOVERNANCE_EVIDENCE_IMMUTABLE,NORMALIZED
03_GOVERNANCE_EVIDENCE_READONLY/review-session/FINAL_FREEZE/FROZEN_SPEC_CANDIDATE/03_repo_blueprints/R07_PROVIDER_SDK.md,3561,4bb25dcdb3603071dc3fd495e5a9ca26876cf70d236f2a58a6d4cefc3236c0d2,GOVERNANCE_EVIDENCE_IMMUTABLE,NORMALIZED
03_GOVERNANCE_EVIDENCE_READONLY/review-session/FINAL_FREEZE/FROZEN_SPEC_CANDIDATE/03_repo_blueprints/R08_GOOGLE_FLOW_ADAPTER.md,3744,394fc53f419c8a7e498556694aff826d488c08a613d80a607fd03d68e95e9674,GOVERNANCE_EVIDENCE_IMMUTABLE,NORMALIZED
03_GOVERNANCE_EVIDENCE_READONLY/review-session/FINAL_FREEZE/FROZEN_SPEC_CANDIDATE/03_repo_blueprints/R09A_R10_GOOGLE_FLOW_EXECUTION_OPTIONS.md,5705,734d5526fe52a5770824150f1615828144f12ad745ea06d9df062e3ad72eea38,GOVERNANCE_EVIDENCE_IMMUTABLE,NORMALIZED
03_GOVERNANCE_EVIDENCE_READONLY/review-session/FINAL_FREEZE/FROZEN_SPEC_CANDIDATE/03_repo_blueprints/R09_BROWSER_WORKER.md,4430,663ec27313980d2cb4aabfffd524ff02e2ea34d316c63844a7c46a319128752f,GOVERNANCE_EVIDENCE_IMMUTABLE,NORMALIZED
03_GOVERNANCE_EVIDENCE_READONLY/review-session/FINAL_FREEZE/FROZEN_SPEC_CANDIDATE/03_repo_blueprints/R10_FLOWKIT_BRIDGE.md,4228,8c3316e7712513e4061ea8dae3d8a8c9391671d95b63843b8106819f30c65fde,GOVERNANCE_EVIDENCE_IMMUTABLE,NORMALIZED
03_GOVERNANCE_EVIDENCE_READONLY/review-session/FINAL_FREEZE/FROZEN_SPEC_CANDIDATE/03_repo_blueprints/R11_QC.md,3661,1b672a6057f5abd174173bcf49c49ae2b9b5d2ebf88ad67c13a02be25e7acf8d,GOVERNANCE_EVIDENCE_IMMUTABLE,NORMALIZED
03_GOVERNANCE_EVIDENCE_READONLY/review-session/FINAL_FREEZE/FROZEN_SPEC_CANDIDATE/03_repo_blueprints/R12_MEDIA.md,3581,b26269f2674a649b5e75b02ace6b86232b7939867657693fa04119e54bbc1685,GOVERNANCE_EVIDENCE_IMMUTABLE,NORMALIZED
03_GOVERNANCE_EVIDENCE_READONLY/review-session/FINAL_FREEZE/FROZEN_SPEC_CANDIDATE/03_repo_blueprints/R13_OPERATOR_CONSOLE.md,3423,7a06049a253b56c0e4dcb9d69bb1d7da6687fe291a5c8032323dac4adabb3abb,GOVERNANCE_EVIDENCE_IMMUTABLE,NORMALIZED
03_GOVERNANCE_EVIDENCE_READONLY/review-session/FINAL_FREEZE/FROZEN_SPEC_CANDIDATE/03_repo_blueprints/R14_PLATFORM_OBSERVABILITY.md,3429,38d122a4e0e6e658e8b79726a10f6a86370f57aae36c33e6aedd713b497d4322,GOVERNANCE_EVIDENCE_IMMUTABLE,NORMALIZED
03_GOVERNANCE_EVIDENCE_READONLY/review-session/FINAL_FREEZE/FROZEN_SPEC_CANDIDATE/03_repo_blueprints/R15_INTEGRATION_HARNESS.md,3636,7c510e18e28c8cb86c5236452e9919593f8e20caa932686cc764be670f838e16,GOVERNANCE_EVIDENCE_IMMUTABLE,NORMALIZED
03_GOVERNANCE_EVIDENCE_READONLY/review-session/FINAL_FREEZE/FROZEN_SPEC_CANDIDATE/07_risk/RISK_REGISTER.md,2184,4d02608bc3a256a0e4f61860d8b39161e66750971ac61486c153141076b7aba9,GOVERNANCE_EVIDENCE_IMMUTABLE,NORMALIZED
03_GOVERNANCE_EVIDENCE_READONLY/review-session/FINAL_FREEZE/FROZEN_SPEC_CANDIDATE/09_agent_packets/AGENT_BUILD_PACKET_INDEX.md,1396,6ba0ebb7a1c0876bf4ee5f224fd68bc22f1885f6d31ada03ca083281ff14a58b,GOVERNANCE_EVIDENCE_IMMUTABLE,NORMALIZED
03_GOVERNANCE_EVIDENCE_READONLY/review-session/FINAL_FREEZE/FROZEN_SPEC_CANDIDATE/09_agent_packets/BUILD_PACKET_TEMPLATE.md,577,397b8b4bad54051da85dd1a797e485108fd8c56cc88a460aa3240f4849390c2a,GOVERNANCE_EVIDENCE_IMMUTABLE,NORMALIZED
03_GOVERNANCE_EVIDENCE_READONLY/review-session/FINAL_FREEZE/FROZEN_SPEC_CANDIDATE/00_governance/00_REVIEWER_ENTRYPOINT.md,2224,470bd11ba8909cc98f3cb77e03d6ba3d082789f1736264a312df622269abe233,GOVERNANCE_EVIDENCE_IMMUTABLE,NORMALIZED
03_GOVERNANCE_EVIDENCE_READONLY/review-session/FINAL_FREEZE/FROZEN_SPEC_CANDIDATE/00_governance/01_SPEC_FREEZE_POLICY.md,1298,a8d6434086a95f9ca20e23b4ca7d6cbae1c00b06e88936280c1bfe9a921dcbda,GOVERNANCE_EVIDENCE_IMMUTABLE,NORMALIZED
03_GOVERNANCE_EVIDENCE_READONLY/review-session/FINAL_FREEZE/FROZEN_SPEC_CANDIDATE/00_governance/02_CHANGE_CONTROL.md,476,dccaa260ee2867874603beb7d18d90af68d1102fce543963c2ae098de253ae9c,GOVERNANCE_EVIDENCE_IMMUTABLE,NORMALIZED
03_GOVERNANCE_EVIDENCE_READONLY/review-session/FINAL_FREEZE/FROZEN_SPEC_CANDIDATE/00_governance/03_DEFINITION_OF_DONE.md,750,03b8b11b3fa4cba199d219517bfc3b05bef426f986e34c80f94d5e45194b3f03,GOVERNANCE_EVIDENCE_IMMUTABLE,NORMALIZED
03_GOVERNANCE_EVIDENCE_READONLY/review-session/FINAL_FREEZE/FROZEN_SPEC_CANDIDATE/00_governance/04_REVIEW_COMMENT_LOG_TEMPLATE.md,541,206171380cc88658f932ab53a4cbd0fbca3f72a384cab3d341980463094440a4,GOVERNANCE_EVIDENCE_IMMUTABLE,NORMALIZED
03_GOVERNANCE_EVIDENCE_READONLY/review-session/FINAL_FREEZE/FROZEN_SPEC_CANDIDATE/02_contracts/API_COMPATIBILITY_POLICY.md,830,7cc66c7c64b733f48bc7e3bd789b66aab6af29ebee1a9143ec68656d3e44caea,GOVERNANCE_EVIDENCE_IMMUTABLE,NORMALIZED
03_GOVERNANCE_EVIDENCE_READONLY/review-session/FINAL_FREEZE/FROZEN_SPEC_CANDIDATE/02_contracts/CONTRACTS_OVERVIEW.md,1445,c740544bcf4b55a39a85fe68b1483e059315bb651f21a42ed76ecea64c715f6c,GOVERNANCE_EVIDENCE_IMMUTABLE,NORMALIZED
03_GOVERNANCE_EVIDENCE_READONLY/review-session/FINAL_FREEZE/FROZEN_SPEC_CANDIDATE/02_contracts/STATUS_STATE_MACHINES.md,1072,0a69f4dfce1a6fc22785020eefd3e0f26bf0b9e9f3762915004514955cfc4ccd,GOVERNANCE_EVIDENCE_IMMUTABLE,NORMALIZED
03_GOVERNANCE_EVIDENCE_READONLY/review-session/FINAL_FREEZE/FROZEN_SPEC_CANDIDATE/02_contracts/browser-command.schema.json,1402,d15806c29525bbfe776177251c0d20548c41adb2c44e2970120b1881099a3454,GOVERNANCE_EVIDENCE_IMMUTABLE,NORMALIZED
03_GOVERNANCE_EVIDENCE_READONLY/review-session/FINAL_FREEZE/FROZEN_SPEC_CANDIDATE/02_contracts/domain-entities.schema.json,15030,13b534786a72be7771e420f9e31fbae6c869d3d5f215ed111195085aaf3609b7,GOVERNANCE_EVIDENCE_IMMUTABLE,NORMALIZED
03_GOVERNANCE_EVIDENCE_READONLY/review-session/FINAL_FREEZE/FROZEN_SPEC_CANDIDATE/02_contracts/event-envelope.schema.json,1200,d1cd13028b4c9e331d169dfeb3ad0c1d63dfb9b85916c0bbecf39e60c173d726,GOVERNANCE_EVIDENCE_IMMUTABLE,NORMALIZED
03_GOVERNANCE_EVIDENCE_READONLY/review-session/FINAL_FREEZE/FROZEN_SPEC_CANDIDATE/02_contracts/provider-request.schema.json,2122,b2cb52043df71799280d7505013d0d461bd4877103b461988c4dc39e9d1f9e4e,GOVERNANCE_EVIDENCE_IMMUTABLE,NORMALIZED
03_GOVERNANCE_EVIDENCE_READONLY/review-session/FINAL_FREEZE/FROZEN_SPEC_CANDIDATE/02_contracts/provider-result.schema.json,1905,70be8f576f9f0e840ed5c10d7130a8a27dc5014a935176b39cbac971f2a5aa74,GOVERNANCE_EVIDENCE_IMMUTABLE,NORMALIZED
03_GOVERNANCE_EVIDENCE_READONLY/review-session/FINAL_REMEDIATED_FORENSIC_AUDIT/C02R_COVERAGE_AUDIT.md,7967,3ce7b35ed54c865d3efadd37ae27acaa3026ccce45ec4134991a0ff776938e67,GOVERNANCE_EVIDENCE_IMMUTABLE,NORMALIZED
03_GOVERNANCE_EVIDENCE_READONLY/review-session/FINAL_REMEDIATED_FORENSIC_AUDIT/C04R_VOTE_FORENSICS.md,8369,36b7be421c8b1e25b37b652c26f64427051eeaa88b58524a81e550f5b0c8e989,GOVERNANCE_EVIDENCE_IMMUTABLE,NORMALIZED
03_GOVERNANCE_EVIDENCE_READONLY/review-session/FINAL_REMEDIATED_FORENSIC_AUDIT/C05R_PROCESS_AUDIT.md,6393,8576b82f7d275943c365c08f99a670ff8b4b9bcaa70b47b7ef65c92e72da7a56,GOVERNANCE_EVIDENCE_IMMUTABLE,NORMALIZED
03_GOVERNANCE_EVIDENCE_READONLY/review-session/FINAL_REMEDIATED_FORENSIC_AUDIT/FINAL_BLOCKER_REGISTER.md,7668,ca474800daafcee006284837f87b214888bcf2cff057681d0cbbbce3b7716286,GOVERNANCE_EVIDENCE_IMMUTABLE,NORMALIZED
03_GOVERNANCE_EVIDENCE_READONLY/review-session/FINAL_REMEDIATED_FORENSIC_AUDIT/FINAL_REMEDIATED_FORENSIC_REPORT.md,15343,b62c89f89663897c16c8e90fcb62e80afe7f1c479c4236eb169effa48fe01c79,GOVERNANCE_EVIDENCE_IMMUTABLE,NORMALIZED
03_GOVERNANCE_EVIDENCE_READONLY/review-session/FINAL_REMEDIATED_FORENSIC_AUDIT/G18_EMPIRICAL_AUDIT.md,7233,b7904850bb511e73460868c96d4edf4801f1bf70bfc7d96eba1fc34737caae8a,GOVERNANCE_EVIDENCE_IMMUTABLE,NORMALIZED
03_GOVERNANCE_EVIDENCE_READONLY/review-session/FINAL_REMEDIATED_FORENSIC_AUDIT/IMPLEMENTATION_SIMULATION_AUDIT.md,6700,4c5c59707bd50996b42c0492577bbf97f76bef0918c361679e58818a4dcab778,GOVERNANCE_EVIDENCE_IMMUTABLE,NORMALIZED
03_GOVERNANCE_EVIDENCE_READONLY/review-session/FINAL_REMEDIATED_FORENSIC_AUDIT/RELEASE_INTEGRITY_AUDIT.md,6006,edf6d92fda861ec2baef7a5637760d46b03b05e44b2a50dceb83d5c9e9845c19,GOVERNANCE_EVIDENCE_IMMUTABLE,NORMALIZED
03_GOVERNANCE_EVIDENCE_READONLY/review-session/FINAL_REMEDIATED_FORENSIC_AUDIT/SEMANTIC_CHANGE_TRACEABILITY.md,7685,3f296184727be6f603993f745be747d4d44b6a0a23047b3f8402f5402d554a94,GOVERNANCE_EVIDENCE_IMMUTABLE,NORMALIZED
03_GOVERNANCE_EVIDENCE_READONLY/review-session/FINAL_REMEDIATED_FORENSIC_AUDIT/SUBAGENT_PROVENANCE_AUDIT.md,12865,c66e0d15577e54e2192dce3bc6dbe1725dc4d09082a9749c9f360b60b3f2591b,GOVERNANCE_EVIDENCE_IMMUTABLE,NORMALIZED
03_GOVERNANCE_EVIDENCE_READONLY/review-session/FINAL_REMEDIATED_FORENSIC_AUDIT/TECHNICAL_CONSISTENCY_AUDIT.md,12331,7a12dc52c2e6fcc44e612e4c581a1d367cf868b2912602e57eb134031f513d23,GOVERNANCE_EVIDENCE_IMMUTABLE,NORMALIZED
03_GOVERNANCE_EVIDENCE_READONLY/review-session/AUTONOMOUS_RUN/RUN_STATE.md,1607,01cdafefd65aac00f2dea6a1ce437c4eb1c6c2780e9e06cf4c4f25a138d29be8,GOVERNANCE_EVIDENCE_IMMUTABLE,NORMALIZED
03_GOVERNANCE_EVIDENCE_READONLY/review-session/AUTONOMOUS_RUN/SPONSOR_PROXY_DECISIONS.md,9990,e38a9da41ed0ec20c9f695e7766ccb7ea7567957b693058291903fba0acbcc63,GOVERNANCE_EVIDENCE_IMMUTABLE,NORMALIZED
03_GOVERNANCE_EVIDENCE_READONLY/review-session/C06/C06_SUMMARY_REPORT.md,1326,4a319a3a5b9528e5f3c2d9284c7f0ff55a9d5e9c54f57ec3e04c9f98695cfad1,GOVERNANCE_EVIDENCE_IMMUTABLE,NORMALIZED
03_GOVERNANCE_EVIDENCE_READONLY/review-session/C06/FINAL_CONTRACT_COMPATIBILITY_MATRIX.md,988,e0b07fa592da79705d568907cfc136c7f31c0342c36495591cb11dcbc174beae,GOVERNANCE_EVIDENCE_IMMUTABLE,NORMALIZED
03_GOVERNANCE_EVIDENCE_READONLY/review-session/C06/FINAL_IMPLEMENTATION_HANDOFF_INDEX.md,2422,9019c77ee654d68ffc6e486b7885d81522d6acd0409fead242bbeb1a0c510abc,GOVERNANCE_EVIDENCE_IMMUTABLE,NORMALIZED
03_GOVERNANCE_EVIDENCE_READONLY/review-session/C06/FINAL_PROTECTED_CAPABILITY_REPORT.md,3042,2814d124c527f6053aaabe3563263100a21a06e4becdfce08a541968285f8442,GOVERNANCE_EVIDENCE_IMMUTABLE,NORMALIZED
03_GOVERNANCE_EVIDENCE_READONLY/review-session/C06/FINAL_REPO_DEPENDENCY_GRAPH.md,970,5a3cce0c60af8a4bad9160f433433ae4c12270874b36553f5602d4ed799d7ab9,GOVERNANCE_EVIDENCE_IMMUTABLE,NORMALIZED
03_GOVERNANCE_EVIDENCE_READONLY/review-session/C06/FINAL_REQUIREMENT_TRACEABILITY.md,14291,924bcdc4abc384716b80238b11c9bec4b46df554cab795c7f43ea555feb3eae3,GOVERNANCE_EVIDENCE_IMMUTABLE,NORMALIZED
03_GOVERNANCE_EVIDENCE_READONLY/review-session/C06/FREEZE_GATE_EVALUATION.md,5857,b1579d417e19c556d16c5913d1f0f8c50cc100af2e3e2043a4a445cdcfd2dc45,GOVERNANCE_EVIDENCE_IMMUTABLE,NORMALIZED
03_GOVERNANCE_EVIDENCE_READONLY/review-session/C06/build_c06_freeze_readiness.py,17578,95adb1b8c0bda638e2b5e53f6ada669b2d7709dcf7acd99829158c000ad8dac1,GOVERNANCE_EVIDENCE_IMMUTABLE,NORMALIZED
03_GOVERNANCE_EVIDENCE_READONLY/review-session/C01/C01_COVERAGE_MATRIX.md,3347,a23ea9700a37e9bfe875470cd3653113612bb99e2ff696497b6e7e4bd37f2523,GOVERNANCE_EVIDENCE_IMMUTABLE,NORMALIZED
03_GOVERNANCE_EVIDENCE_READONLY/review-session/C01/C01_GAP_SEED_RESOLUTION_REPORT.md,3394,25b5a095a2611f2fb2d7ab7787b4ae54e03b4cba041d348184ae750938900785,GOVERNANCE_EVIDENCE_IMMUTABLE,NORMALIZED
03_GOVERNANCE_EVIDENCE_READONLY/review-session/C01/C01_VALIDATION_REPORT.md,2908,2cf5e8c35779405be0af195c5fa65e0ca3016330133eaf796e6c939672120283,GOVERNANCE_EVIDENCE_IMMUTABLE,NORMALIZED
03_GOVERNANCE_EVIDENCE_READONLY/review-session/C01/FINDINGS_CATALOG.md,20483,f2d85ac243935204d2f038dbd5237cf97bed65fd5386335ebb6b9a55a34589ed,GOVERNANCE_EVIDENCE_IMMUTABLE,NORMALIZED
03_GOVERNANCE_EVIDENCE_READONLY/review-session/C01/HUMAN_GATE_01_AUDIT.md,3349,acf0b3776780ceea3d77750e18ca43508d1066614bb9c1a2ce95cfa281724ea9,GOVERNANCE_EVIDENCE_IMMUTABLE,NORMALIZED
03_GOVERNANCE_EVIDENCE_READONLY/review-session/C01/SESSION_MANIFEST.md,2851,ddf841d57097fa373fe81b842329e3f54e78d4a3ca4dbbb6d72b95314a325829,GOVERNANCE_EVIDENCE_IMMUTABLE,NORMALIZED
03_GOVERNANCE_EVIDENCE_READONLY/review-session/C01/tools/consolidate_c01.py,16875,de2006421efc18d120c897bdac848528c6f8b310863439febfb1f416371876c4,GOVERNANCE_EVIDENCE_IMMUTABLE,NORMALIZED
03_GOVERNANCE_EVIDENCE_READONLY/review-session/C01/ROLE_REVIEWS/NORMALIZED/R01_NORMALIZED.md,6401,42a2110d84e48676e13f05c68d4a1d769c6b02454b4e717e5fc20cf477ed66e8,GOVERNANCE_EVIDENCE_IMMUTABLE,NORMALIZED
03_GOVERNANCE_EVIDENCE_READONLY/review-session/C01/ROLE_REVIEWS/NORMALIZED/R02_NORMALIZED.md,5209,a52729e0cd50331eeec1db4e21bf4b789a045362f3749a9960265debd3796427,GOVERNANCE_EVIDENCE_IMMUTABLE,NORMALIZED
03_GOVERNANCE_EVIDENCE_READONLY/review-session/C01/ROLE_REVIEWS/NORMALIZED/R03_NORMALIZED.md,8067,478691b0bb0e4b80b4750a752be5a0d22d189b9e73230c82c9155d8e255ff619,GOVERNANCE_EVIDENCE_IMMUTABLE,NORMALIZED
03_GOVERNANCE_EVIDENCE_READONLY/review-session/C01/ROLE_REVIEWS/NORMALIZED/R04_NORMALIZED.md,8761,593b2826bad4300d21245a5d68556347524f96072d4408b3a4ef373148fbf72a,GOVERNANCE_EVIDENCE_IMMUTABLE,NORMALIZED
03_GOVERNANCE_EVIDENCE_READONLY/review-session/C01/ROLE_REVIEWS/NORMALIZED/R05_NORMALIZED.md,7736,4f58554cca4d5e0236666ba0bab821c0f34b2c152ca7f05844375a1389cedf6a,GOVERNANCE_EVIDENCE_IMMUTABLE,NORMALIZED
03_GOVERNANCE_EVIDENCE_READONLY/review-session/C01/ROLE_REVIEWS/NORMALIZED/R06_NORMALIZED.md,8000,d273a30cf03f40c678dd540e285f6f145f568818e142b6e1b17b529b22760f74,GOVERNANCE_EVIDENCE_IMMUTABLE,NORMALIZED
03_GOVERNANCE_EVIDENCE_READONLY/review-session/C01/ROLE_REVIEWS/NORMALIZED/R07_NORMALIZED.md,6691,b05cb9695cb95490060bbc4837a7ee7a76f8f63ab81ba5f818564320b9012943,GOVERNANCE_EVIDENCE_IMMUTABLE,NORMALIZED
03_GOVERNANCE_EVIDENCE_READONLY/review-session/C01/ROLE_REVIEWS/NORMALIZED/R08_NORMALIZED.md,5209,22861f29b1c53ac98c4b07255d0d54fc6ecce1a309f23c2f025344467f1484c1,GOVERNANCE_EVIDENCE_IMMUTABLE,NORMALIZED
03_GOVERNANCE_EVIDENCE_READONLY/review-session/C01/ROLE_REVIEWS/NORMALIZED/R09_NORMALIZED.md,6632,3d7fb51cf18112cb9d0fe1abc375154540cbaccc0670ce2f5dc4dfe26d18c55d,GOVERNANCE_EVIDENCE_IMMUTABLE,NORMALIZED
03_GOVERNANCE_EVIDENCE_READONLY/review-session/C01/ROLE_REVIEWS/NORMALIZED/R10_NORMALIZED.md,6949,297f39d8a3838cf7b8b3a5f873c25a3244cb3d234bcb7e0752688b406affc4dc,GOVERNANCE_EVIDENCE_IMMUTABLE,NORMALIZED
03_GOVERNANCE_EVIDENCE_READONLY/review-session/C01/ROLE_REVIEWS/NORMALIZED/R11_NORMALIZED.md,9198,0582379864284cb0fbef4ee9067bfba71e6d721e756731ab5179b9216d7b9cc2,GOVERNANCE_EVIDENCE_IMMUTABLE,NORMALIZED
03_GOVERNANCE_EVIDENCE_READONLY/review-session/C01/ROLE_REVIEWS/NORMALIZED/R12_NORMALIZED.md,7111,97cf545d7e83b63c93c82a6f1f66e81d856bad8d5d1d4361461d015c7324afb7,GOVERNANCE_EVIDENCE_IMMUTABLE,NORMALIZED
03_GOVERNANCE_EVIDENCE_READONLY/review-session/C01/ROLE_REVIEWS/NORMALIZED/R13_NORMALIZED.md,7749,0ac24a5d47d57cf73df985cd11e40d3cebd5338748d8e6987eada7ccb8a1da6e,GOVERNANCE_EVIDENCE_IMMUTABLE,NORMALIZED
03_GOVERNANCE_EVIDENCE_READONLY/review-session/C01/ROLE_REVIEWS/NORMALIZED/R14_NORMALIZED.md,7613,8dc161ee5ceac58ef8518843914b7d59adf46727e4d89ed8b7b9d92558b92bb1,GOVERNANCE_EVIDENCE_IMMUTABLE,NORMALIZED
03_GOVERNANCE_EVIDENCE_READONLY/review-session/C01/ROLE_REVIEWS/NORMALIZED/R15_NORMALIZED.md,8239,ea259eac8dae47f8d02be8f64ca0971a419ba91a89cce39d24ec948ac7ecb99f,GOVERNANCE_EVIDENCE_IMMUTABLE,NORMALIZED
03_GOVERNANCE_EVIDENCE_READONLY/review-session/C01/ROLE_REVIEWS/RAW/R01_RAW.md,44814,3d8f55f9e46ff648041007697095d0764ca9bbb5247aa6612e20be0bedfa528c,GOVERNANCE_EVIDENCE_IMMUTABLE,NORMALIZED
03_GOVERNANCE_EVIDENCE_READONLY/review-session/C01/ROLE_REVIEWS/RAW/R02_RAW.md,38963,2d7cdf9fcbd0d4121f0f840fa1a4bb0bb0e7e16c1dfd33213262a184ca5a0d0a,GOVERNANCE_EVIDENCE_IMMUTABLE,NORMALIZED
03_GOVERNANCE_EVIDENCE_READONLY/review-session/C01/ROLE_REVIEWS/RAW/R03_RAW.md,46600,c606e65007039a9aa5c82addf888540242f3b145b2daf22ae12e7cb45a86f0f3,GOVERNANCE_EVIDENCE_IMMUTABLE,NORMALIZED
03_GOVERNANCE_EVIDENCE_READONLY/review-session/C01/ROLE_REVIEWS/RAW/R04_RAW.md,55363,60341712b07050a18e8ce30f7e349ccf9ddb6ed2cd6cdeb62a9ad4820d098a3f,GOVERNANCE_EVIDENCE_IMMUTABLE,NORMALIZED
03_GOVERNANCE_EVIDENCE_READONLY/review-session/C01/ROLE_REVIEWS/RAW/R05_RAW.md,41971,1064b8c58d05dbad3eea34e0412b8deaf5e0a88faebf6947c47e474e9422315a,GOVERNANCE_EVIDENCE_IMMUTABLE,NORMALIZED
03_GOVERNANCE_EVIDENCE_READONLY/review-session/C01/ROLE_REVIEWS/RAW/R06_RAW.md,63610,689c4f3b548f7f91782abb52d0897dc48b34e34bcc53b8c4f1ae82cc247fce19,GOVERNANCE_EVIDENCE_IMMUTABLE,NORMALIZED
03_GOVERNANCE_EVIDENCE_READONLY/review-session/C01/ROLE_REVIEWS/RAW/R07_RAW.md,44394,97998c718af18bc45da3f2a65d04bf1dcbd3060a6049a00b419d3613859b4d47,GOVERNANCE_EVIDENCE_IMMUTABLE,NORMALIZED
03_GOVERNANCE_EVIDENCE_READONLY/review-session/C01/ROLE_REVIEWS/RAW/R08_RAW.md,37524,07ca5699e05ee051928f71dddd8439a6dff10b6562f9940d7f05e7806f7fcd50,GOVERNANCE_EVIDENCE_IMMUTABLE,NORMALIZED
03_GOVERNANCE_EVIDENCE_READONLY/review-session/C01/ROLE_REVIEWS/RAW/R09_RAW.md,35711,9ee7dbebf0583616932203cf1098448859c918798747d981f398959b3c3e8b08,GOVERNANCE_EVIDENCE_IMMUTABLE,NORMALIZED
03_GOVERNANCE_EVIDENCE_READONLY/review-session/C01/ROLE_REVIEWS/RAW/R10_RAW.md,31165,240599880ce9a6eaa6efb334cb3ba3321698927eb1734d7e237510acc53f6d41,GOVERNANCE_EVIDENCE_IMMUTABLE,NORMALIZED
03_GOVERNANCE_EVIDENCE_READONLY/review-session/C01/ROLE_REVIEWS/RAW/R11_RAW.md,54419,27dfc5351f7e1ef5f77e7ed7a6ece0fe6a0f24d291e928486f1f408f5f0cdf2c,GOVERNANCE_EVIDENCE_IMMUTABLE,NORMALIZED
03_GOVERNANCE_EVIDENCE_READONLY/review-session/C01/ROLE_REVIEWS/RAW/R12_RAW.md,53206,962a47d1723fb044249e5ee2248cd3bf73e50334e449dd65a9c0c2f891582771,GOVERNANCE_EVIDENCE_IMMUTABLE,NORMALIZED
03_GOVERNANCE_EVIDENCE_READONLY/review-session/C01/ROLE_REVIEWS/RAW/R13_RAW.md,36005,31cc14e1571d459cb62a299e1cb53da8a240620f4f5b217843d6f6a6ebc3bf8f,GOVERNANCE_EVIDENCE_IMMUTABLE,NORMALIZED
03_GOVERNANCE_EVIDENCE_READONLY/review-session/C01/ROLE_REVIEWS/RAW/R14_RAW.md,49211,79f7629d91812c0b64bd42f3765d219ddaef79077eb628be3c9d22b44abe1569,GOVERNANCE_EVIDENCE_IMMUTABLE,NORMALIZED
03_GOVERNANCE_EVIDENCE_READONLY/review-session/C01/ROLE_REVIEWS/RAW/R15_RAW.md,44219,c33e04c2962bd1b33fde53f7e09be31628608550e510afdc256c15a36dfc07a3,GOVERNANCE_EVIDENCE_IMMUTABLE,NORMALIZED
03_GOVERNANCE_EVIDENCE_READONLY/review-session/SOLUTION_PACKAGES/PKG-01_CORE_STATE_AND_CONTRACTS.md,992,9ed450fcc92938b288b222b162152933dddf9120f221acdd762c1b0f1b1e473f,GOVERNANCE_EVIDENCE_IMMUTABLE,NORMALIZED
03_GOVERNANCE_EVIDENCE_READONLY/review-session/SOLUTION_PACKAGES/PKG-02_ERROR_AND_RESILIENCE.md,993,1281920f1b269d2eeccf78f655751f5736bc498d80fc3333715750e4037d1a67,GOVERNANCE_EVIDENCE_IMMUTABLE,NORMALIZED
03_GOVERNANCE_EVIDENCE_READONLY/review-session/SOLUTION_PACKAGES/PKG-03_CONCURRENCY_AND_IDEMPOTENCY.md,1004,cb4709890e5cbc5911f587dbd0ea67b851c47f3ba29901e007ee047d682890d3,GOVERNANCE_EVIDENCE_IMMUTABLE,NORMALIZED
03_GOVERNANCE_EVIDENCE_READONLY/review-session/SOLUTION_PACKAGES/PKG-04_GOOGLE_FLOW_DUAL_TRACK.md,1020,0079845430b873854c62eec4963a1de1c908adf6979669f45b4e3674fded4832,GOVERNANCE_EVIDENCE_IMMUTABLE,NORMALIZED
03_GOVERNANCE_EVIDENCE_READONLY/review-session/SOLUTION_PACKAGES/PKG-05_SECURITY_AND_SECRETS.md,977,ecb018b67c7828b18d6a36276c78ba6529f1261411f4a65ab5241e3c8bf47c4a,GOVERNANCE_EVIDENCE_IMMUTABLE,NORMALIZED
03_GOVERNANCE_EVIDENCE_READONLY/review-session/SOLUTION_PACKAGES/PKG-06_CREATIVE_AND_ASSET_CONTINUITY.md,1025,66de8d4f741cdea085d84247d27512048b565231ccf2efc52ece92caf546652c,GOVERNANCE_EVIDENCE_IMMUTABLE,NORMALIZED
03_GOVERNANCE_EVIDENCE_READONLY/review-session/SOLUTION_PACKAGES/PKG-07_AUTOMATED_QC_AND_MEDIA.md,988,6d56614f30942db27afac0fcddecd5fea0955799497054646865fa7a0b92629d,GOVERNANCE_EVIDENCE_IMMUTABLE,NORMALIZED
03_GOVERNANCE_EVIDENCE_READONLY/review-session/SOLUTION_PACKAGES/PKG-08_OBSERVABILITY_AND_TRACEABILITY.md,989,3f77a7bce9dff0dd8531eeec263084c850c0cc61285e1c5a9491d515c65c0a43,GOVERNANCE_EVIDENCE_IMMUTABLE,NORMALIZED
03_GOVERNANCE_EVIDENCE_READONLY/review-session/SOLUTION_PACKAGES/PKG-09_INTEGRATION_AND_TESTABILITY.md,1004,2c4439ce5014849b6805baf6bb89a72fbdac61abbe48adb1a6dccdd5b90aa639,GOVERNANCE_EVIDENCE_IMMUTABLE,NORMALIZED
03_GOVERNANCE_EVIDENCE_READONLY/review-session/SOLUTION_PACKAGES/PKG-10_OPERATOR_CONSOLE_AND_GOVERNANCE.md,990,4c5244e7c5708d5849a973c33acba7c88380bddb1454386f114111a1a3cde698,GOVERNANCE_EVIDENCE_IMMUTABLE,NORMALIZED
03_GOVERNANCE_EVIDENCE_READONLY/review-session/CHANGE_PROPOSALS/CP-001.md,3503,a668a58f2b25be0df25417e712eb595afec295ecc14306ac3fe02f5f5de131c5,GOVERNANCE_EVIDENCE_IMMUTABLE,NORMALIZED
03_GOVERNANCE_EVIDENCE_READONLY/review-session/CHANGE_PROPOSALS/CP-002.md,3316,7aee0738fec694719c9c9c3aaeaa125cfe64fb071b5be04f3a13571301a7081c,GOVERNANCE_EVIDENCE_IMMUTABLE,NORMALIZED
03_GOVERNANCE_EVIDENCE_READONLY/review-session/CHANGE_PROPOSALS/CP-003.md,3066,3c2842349172225797660814e9595ec6afe9dc8703dcf68cf7bb67871eeb6c23,GOVERNANCE_EVIDENCE_IMMUTABLE,NORMALIZED
03_GOVERNANCE_EVIDENCE_READONLY/review-session/CHANGE_PROPOSALS/CP-004.md,3245,c0144047836e1b57f6dfc9b921507789205333b169c3209b2e2c061a17ed7dfe,GOVERNANCE_EVIDENCE_IMMUTABLE,NORMALIZED
03_GOVERNANCE_EVIDENCE_READONLY/review-session/CHANGE_PROPOSALS/CP-005.md,3358,d5815ce62af9fad135dea1904bb245719f0610fa5bef5b09d83613534e21d667,GOVERNANCE_EVIDENCE_IMMUTABLE,NORMALIZED
03_GOVERNANCE_EVIDENCE_READONLY/review-session/CHANGE_PROPOSALS/CP-006.md,3151,bfc624f2a35b677ff941920d30148e7fb532cdc3ee4a730b626511b93cd5379a,GOVERNANCE_EVIDENCE_IMMUTABLE,NORMALIZED
03_GOVERNANCE_EVIDENCE_READONLY/review-session/CHANGE_PROPOSALS/CP-007.md,3203,f74beaaef085908585a311421be40b72566d04fba2c025c5de7788f71b945734,GOVERNANCE_EVIDENCE_IMMUTABLE,NORMALIZED
03_GOVERNANCE_EVIDENCE_READONLY/review-session/CHANGE_PROPOSALS/CP-008.md,3178,8d1b5627178463b8d3cfba2460b48da949e85b059e96e98532f614d3712f10c3,GOVERNANCE_EVIDENCE_IMMUTABLE,NORMALIZED
03_GOVERNANCE_EVIDENCE_READONLY/review-session/CHANGE_PROPOSALS/CP-009.md,3313,da87609cc601d66d37a150304744008e8dedc931515e60471af53323c00004ea,GOVERNANCE_EVIDENCE_IMMUTABLE,NORMALIZED
03_GOVERNANCE_EVIDENCE_READONLY/review-session/CHANGE_PROPOSALS/CP-010.md,3230,568a004514d6fb535255ac2e06ed856e10b8f0201de653c7387c66dc22ef38a8,GOVERNANCE_EVIDENCE_IMMUTABLE,NORMALIZED
03_GOVERNANCE_EVIDENCE_READONLY/review-session/CHANGE_PROPOSALS/CP-011.md,3129,7f265a886545ccfb6790d6f337f10fd1dd729f8f3c1e9eccd1ed763f3a7e131d,GOVERNANCE_EVIDENCE_IMMUTABLE,NORMALIZED
03_GOVERNANCE_EVIDENCE_READONLY/review-session/CHANGE_PROPOSALS/CP-012.md,3163,9e978d95b60a55600d362617abc26465cf8fb5d4ab62da93e9ecbd76f339c845,GOVERNANCE_EVIDENCE_IMMUTABLE,NORMALIZED
03_GOVERNANCE_EVIDENCE_READONLY/review-session/CHANGE_PROPOSALS/CP-013.md,3079,28dda97e77c67ef1d6e452965deca31df5c4d36a72866c855f5c7d1f3c0fddf1,GOVERNANCE_EVIDENCE_IMMUTABLE,NORMALIZED
03_GOVERNANCE_EVIDENCE_READONLY/review-session/CHANGE_PROPOSALS/CP-014.md,3008,f60bd660b31ca0a71b357c13638013b11aa3758f4890f9bdfdb6cddd20f38a7c,GOVERNANCE_EVIDENCE_IMMUTABLE,NORMALIZED
03_GOVERNANCE_EVIDENCE_READONLY/review-session/CHANGE_PROPOSALS/CP-015.md,3042,d663727a91a99a211d6a712ddd97c2f388d42384ac8766f25884c75d130111dc,GOVERNANCE_EVIDENCE_IMMUTABLE,NORMALIZED
03_GOVERNANCE_EVIDENCE_READONLY/review-session/AUDITS/C02_GATE_AUDIT.md,3758,46e4b56ef36b430f3be552aacbac40f0e0265510aff3035e4352f45f476ac18e,GOVERNANCE_EVIDENCE_IMMUTABLE,NORMALIZED
03_GOVERNANCE_EVIDENCE_READONLY/review-session/AUDITS/C03_GATE_AUDIT.md,3870,876cd96291bcf6a2fe9656492bd1cea215eeb8f56718570dd482628756b1cff5,GOVERNANCE_EVIDENCE_IMMUTABLE,NORMALIZED
03_GOVERNANCE_EVIDENCE_READONLY/review-session/AUDITS/C04_GATE_AUDIT.md,2747,6fb85c582760b914b13c39dd819a53f770820c480597d1f2a1bc79128c93af99,GOVERNANCE_EVIDENCE_IMMUTABLE,NORMALIZED
03_GOVERNANCE_EVIDENCE_READONLY/review-session/AUDITS/C05_INDEPENDENT_AUDIT_REPORT.md,3092,c34243e3544f387fcdba2ed9ffb3bc4202cc1bae5955ba210692016895fed2c2,GOVERNANCE_EVIDENCE_IMMUTABLE,NORMALIZED
03_GOVERNANCE_EVIDENCE_READONLY/review-session/AUDITS/C05_RAW_AUDITOR_A_ARCHITECTURE.md,4322,b8b915ff035136b4ffdda0478f1146d8a03ad838c51079dce667f8dbc24c1267,GOVERNANCE_EVIDENCE_IMMUTABLE,NORMALIZED
03_GOVERNANCE_EVIDENCE_READONLY/review-session/AUDITS/C05_RAW_AUDITOR_B_RELIABILITY_SECURITY.md,5638,bb135ff27db505eff9b6f247a5b849511c41867c5b6e482bd309914f3efa03ec,GOVERNANCE_EVIDENCE_IMMUTABLE,NORMALIZED
03_GOVERNANCE_EVIDENCE_READONLY/review-session/AUDITS/C06_GATE_AUDIT.md,3468,af6bb513473bcf273e9a7c7e3ab8d6d632f9da45f8438a8a89cb2a83fa900ffd,GOVERNANCE_EVIDENCE_IMMUTABLE,NORMALIZED
03_GOVERNANCE_EVIDENCE_READONLY/review-session/AUDITS/C07_GATE_AUDIT.md,2419,c40278a57e48ae83356da5f1bb2e42a0b9d90250bdcf3eb77fcaaddc86add2d3,GOVERNANCE_EVIDENCE_IMMUTABLE,NORMALIZED
03_GOVERNANCE_EVIDENCE_READONLY/review-session/FREEZE_REMEDIATION_V1/C02R_DISPOSITION_REGISTER.md,5827,bb07dc82b00001cb2014cdf92b1e8ad7c579561a4d63df30e4cd8647756309b5,GOVERNANCE_EVIDENCE_IMMUTABLE,NORMALIZED
03_GOVERNANCE_EVIDENCE_READONLY/review-session/FREEZE_REMEDIATION_V1/C02R_HEARING_INDEX.md,4572,8d724233481e3ad54f442bc210889609889f42ccf45c311d2f3b705d83f61ea4,GOVERNANCE_EVIDENCE_IMMUTABLE,NORMALIZED
03_GOVERNANCE_EVIDENCE_READONLY/review-session/FREEZE_REMEDIATION_V1/C02R_QUALITY_AUDIT.md,3754,81e23b57e24e8f4c296315ce415e6ac2da93ea5fc597f169d95ddb237837e6d0,GOVERNANCE_EVIDENCE_IMMUTABLE,NORMALIZED
03_GOVERNANCE_EVIDENCE_READONLY/review-session/FREEZE_REMEDIATION_V1/FINAL_INTERNAL_FORENSIC_AUDIT_REPORT.md,4917,a4537ad9ba3bac3be64a764aab11fdb7cd791798ba19fb59a328c205c01dd9d9,GOVERNANCE_EVIDENCE_IMMUTABLE,NORMALIZED
03_GOVERNANCE_EVIDENCE_READONLY/review-session/FREEZE_REMEDIATION_V1/IMPLEMENTATION_HANDOFF_TEST_REPORT.md,4829,47e3931de2094b0438b1a18983fe6c6b661afdaacb77152dd4f875d0f71a06c4,GOVERNANCE_EVIDENCE_IMMUTABLE,NORMALIZED
03_GOVERNANCE_EVIDENCE_READONLY/review-session/FREEZE_REMEDIATION_V1/REMEDIATION_FINDING_REGISTER.md,25854,27329fa968800a2704cf103d2c200878a2450447fb372da730b9d7fcce18ecd1,GOVERNANCE_EVIDENCE_IMMUTABLE,NORMALIZED
03_GOVERNANCE_EVIDENCE_READONLY/review-session/FREEZE_REMEDIATION_V1/SEMANTIC_CHANGE_TO_CP.json,5899,5ea64ac043ce0cd0c93ef5eebe3b2d69a4a12434127ea23f937978f8719c571b,GOVERNANCE_EVIDENCE_IMMUTABLE,NORMALIZED
03_GOVERNANCE_EVIDENCE_READONLY/review-session/FREEZE_REMEDIATION_V1/C06R/GATE_RESULTS.md,4437,1cbca500c725af905f81e169970d1f56b1b67712540742b271673deed6342911,GOVERNANCE_EVIDENCE_IMMUTABLE,NORMALIZED
03_GOVERNANCE_EVIDENCE_READONLY/review-session/FREEZE_REMEDIATION_V1/AUDITS_GENUINE/C05R_GENUINE_AUDIT_JUDGE_REPORT.md,24128,94cea036b960fc6769ef884f9811745a729cd7358805d2033d0088a070cff72e,GOVERNANCE_EVIDENCE_IMMUTABLE,NORMALIZED
03_GOVERNANCE_EVIDENCE_READONLY/review-session/FREEZE_REMEDIATION_V1/AUDITS_GENUINE/C05R_GENUINE_RAW_AUDITOR_A.md,20366,e1d391c38c433c7437df21083d42025220d85b25e61a27c943b2b1410f2b8034,GOVERNANCE_EVIDENCE_IMMUTABLE,NORMALIZED
03_GOVERNANCE_EVIDENCE_READONLY/review-session/FREEZE_REMEDIATION_V1/AUDITS_GENUINE/C05R_GENUINE_RAW_AUDITOR_B.md,17358,2d22aebc06c9f78fd6e731fb3170b8c7f71117ee56820608878ca0d18c354945,GOVERNANCE_EVIDENCE_IMMUTABLE,NORMALIZED
03_GOVERNANCE_EVIDENCE_READONLY/review-session/FREEZE_REMEDIATION_V1/CHANGE_PROPOSALS/CP-001_CANONICAL_PROVENANCE_DOMAIN_MODEL.md,2332,ff294d90fae9be67ecba09d0f2b4a14bc2a4eb8eb7d3a707eb156e204ab04537,GOVERNANCE_EVIDENCE_IMMUTABLE,NORMALIZED
03_GOVERNANCE_EVIDENCE_READONLY/review-session/FREEZE_REMEDIATION_V1/CHANGE_PROPOSALS/CP-002_GENERATION_JOB_HIERARCHICAL_STATE_MACHINE.md,1627,df0928e02935af80405ce1bac64901bfc1a38e5a2731ef1bf99eac61efad8160,GOVERNANCE_EVIDENCE_IMMUTABLE,NORMALIZED
03_GOVERNANCE_EVIDENCE_READONLY/review-session/FREEZE_REMEDIATION_V1/CHANGE_PROPOSALS/CP-003_FLOW_EXECUTION_PORT_DISCRIMINATED_OPERATIONS.md,1340,cfe8cca58332b8a854d412bdcff072183e172e0f6504da19d5b267882375bc2f,GOVERNANCE_EVIDENCE_IMMUTABLE,NORMALIZED
03_GOVERNANCE_EVIDENCE_READONLY/review-session/FREEZE_REMEDIATION_V1/CHANGE_PROPOSALS/CP-004_PROVIDER_RESULT_CONTRACT_AND_ERROR_TAXONOMY.md,1375,c458f92f7560d1ab7f1ca85fbe87e9ccb24b61d6aeccc316d386b93d245b1e04,GOVERNANCE_EVIDENCE_IMMUTABLE,NORMALIZED
03_GOVERNANCE_EVIDENCE_READONLY/review-session/FREEZE_REMEDIATION_V1/CHANGE_PROPOSALS/CP-005_EVENT_ENVELOPE_OTEL_AND_NAMING_STANDARDS.md,1215,ca8e4b0696267178c04e5a7e243b046327902d99b4c8b601dab3b2a88433b9cc,GOVERNANCE_EVIDENCE_IMMUTABLE,NORMALIZED
03_GOVERNANCE_EVIDENCE_READONLY/review-session/FREEZE_REMEDIATION_V1/CHANGE_PROPOSALS/CP-006_BROWSER_EXECUTION_AND_FALLBACK_HIERARCHY.md,1114,deca5b163309b60624f4dba29ad9acb2541b5aa1db965f22f3e63c6459b4eff8,GOVERNANCE_EVIDENCE_IMMUTABLE,NORMALIZED
03_GOVERNANCE_EVIDENCE_READONLY/review-session/FREEZE_REMEDIATION_V1/CHANGE_PROPOSALS/CP-007_SECURITY_CREDENTIAL_INJECTION_AND_REDACTION.md,1035,e316043ed2bfc92fadbca25b5ddc4b1a5e53202ffd816ee98e1edfade6afb3fc,GOVERNANCE_EVIDENCE_IMMUTABLE,NORMALIZED
03_GOVERNANCE_EVIDENCE_READONLY/review-session/FREEZE_REMEDIATION_V1/CHANGE_PROPOSALS/CP-008_IDEMPOTENCY_KEY_SPECIFICATION.md,803,7f846363c962522a0393dcad0f3bccbc722c8557e2f3ea7cfd523504789b8006,GOVERNANCE_EVIDENCE_IMMUTABLE,NORMALIZED
03_GOVERNANCE_EVIDENCE_READONLY/review-session/FREEZE_REMEDIATION_V1/CHANGE_PROPOSALS/CP-009_TWO_PHASE_CREDIT_SETTLEMENT.md,687,a24c299bbcd1842cf53a165344003dabcc624418545822812baa4d5c1505dd69,GOVERNANCE_EVIDENCE_IMMUTABLE,NORMALIZED
03_GOVERNANCE_EVIDENCE_READONLY/review-session/FREEZE_REMEDIATION_V1/CHANGE_PROPOSALS/CP-010_REPOSITORY_DEPENDENCY_DAG.md,851,ff976e78da36f84603515985e07b827c98e323fcc6a69203863018b96099bdd2,GOVERNANCE_EVIDENCE_IMMUTABLE,NORMALIZED
03_GOVERNANCE_EVIDENCE_READONLY/review-session/FREEZE_REMEDIATION_V1/CHANGE_PROPOSALS/CP-011_PROMPT_AST_LAYERING.md,638,bdae97cbef3ac2824ead3b1a97a794b9124b66fcd59fa7f07fc37f597ecafe3b,GOVERNANCE_EVIDENCE_IMMUTABLE,NORMALIZED
03_GOVERNANCE_EVIDENCE_READONLY/review-session/FREEZE_REMEDIATION_V1/CHANGE_PROPOSALS/CP-012_ASSET_CONTINUITY_INVARIANTS.md,641,22a2556527b12021936704370d2a96ee95110abe9626e2f2ca9def53082b5681,GOVERNANCE_EVIDENCE_IMMUTABLE,NORMALIZED
03_GOVERNANCE_EVIDENCE_READONLY/review-session/FREEZE_REMEDIATION_V1/CHANGE_PROPOSALS/CP-013_AUTOMATED_QC_PIPELINE.md,633,11f02cb27465b70da063c0c4b7a5d3a2e5c5496aa4106979dc41159a235365c9,GOVERNANCE_EVIDENCE_IMMUTABLE,NORMALIZED
03_GOVERNANCE_EVIDENCE_READONLY/review-session/FREEZE_REMEDIATION_V1/CHANGE_PROPOSALS/CP-014_MEDIA_PROCESSING_DLQ_POLICY.md,663,c06408b955968381364c28ae42c597e992ce651a341990e48d12f14289cd997d,GOVERNANCE_EVIDENCE_IMMUTABLE,NORMALIZED
03_GOVERNANCE_EVIDENCE_READONLY/review-session/FREEZE_REMEDIATION_V1/CHANGE_PROPOSALS/CP-015_RELEASE_INTEGRITY_AND_HASHING.md,686,0b710c99067581c7a1fb17ef0295e3c2f34a7f7189f9b17282e712e14e91a9c8,GOVERNANCE_EVIDENCE_IMMUTABLE,NORMALIZED
03_GOVERNANCE_EVIDENCE_READONLY/review-session/FREEZE_REMEDIATION_V1/CHANGE_PROPOSALS/CP-016_DELETION_OF_TRACK_MODE_FROM_CORE_SCHEMA.md,892,f8a232604cdf9030e638883c246de699c1144f7ad028f67ba4bf8b34f7612621,GOVERNANCE_EVIDENCE_IMMUTABLE,NORMALIZED
03_GOVERNANCE_EVIDENCE_READONLY/review-session/FREEZE_REMEDIATION_V1/CHANGE_PROPOSALS/CP-017_DELETION_OF_FLOW_TRACK_FROM_PROVIDER_REQUEST.md,826,9638c699deac74c1e84d84a60748ccb6d24a382a801bb0f1714330d211b64e0b,GOVERNANCE_EVIDENCE_IMMUTABLE,NORMALIZED
03_GOVERNANCE_EVIDENCE_READONLY/review-session/FREEZE_REMEDIATION_V1/CHANGE_PROPOSALS/CP-018_ATTEMPT_INDEX_AND_LEASE_TTL_SEMANTICS.md,829,d65082f093a89f21fc883072e37e8109f57949890ef85456bc319a0121abdc30,GOVERNANCE_EVIDENCE_IMMUTABLE,NORMALIZED
03_GOVERNANCE_EVIDENCE_READONLY/review-session/FREEZE_REMEDIATION_V1/CHANGE_PROPOSALS/CP-019_ATTEMPT_INDEX_IN_PROVIDER_REQUEST.md,698,a5c66e744dfed893de2c1c1dba8b7736ae93e985532595de82ea59a6b4060d37,GOVERNANCE_EVIDENCE_IMMUTABLE,NORMALIZED
03_GOVERNANCE_EVIDENCE_READONLY/review-session/FREEZE_REMEDIATION_V1/CHANGE_PROPOSALS/CP-020_SECURITY_SECRET_HANDLING_AMENDMENT.md,741,c47bb3c516ae95d14bb354bd4f2f0acd3f90fa3be6d55b537f5976f2b7be0090,GOVERNANCE_EVIDENCE_IMMUTABLE,NORMALIZED
03_GOVERNANCE_EVIDENCE_READONLY/review-session/FREEZE_REMEDIATION_V1/CHANGE_PROPOSALS/CP-021_ALIGN_HANDOFF_INDEX_WITH_NORMATIVE_REPOS.md,785,36209427e3e6a8b0dc8fcd2b43458576a9274eb2f7017e234e04fd0fba7a2c58,GOVERNANCE_EVIDENCE_IMMUTABLE,NORMALIZED
03_GOVERNANCE_EVIDENCE_READONLY/review-session/FREEZE_REMEDIATION_V1/CHANGE_PROPOSALS/CP-022_SCHEMA_ROOT_PACKAGING_AND_ENTRYPOINTS.md,740,9652ab71d30177c7d6d866fb4e56c415abd04a128dbb45bce3188c20cecaf492,GOVERNANCE_EVIDENCE_IMMUTABLE,NORMALIZED
03_GOVERNANCE_EVIDENCE_READONLY/review-session/FREEZE_REMEDIATION_V1/CHANGE_PROPOSALS/CP-023_RELEASE_VERSION_SYNCHRONIZATION.md,853,c7254d70af59a497ab6f5c443134a1e44e7abd7d248ee317aebb22618d6b1208,GOVERNANCE_EVIDENCE_IMMUTABLE,NORMALIZED
03_GOVERNANCE_EVIDENCE_READONLY/review-session/FREEZE_REMEDIATION_V1/CHANGE_PROPOSALS/CP-024_PACKAGE_VERIFICATION_SCRIPT.md,708,629ce5c506c8dc1603423fea80ba9166b63dc9ccd5be9342685522598b558765,GOVERNANCE_EVIDENCE_IMMUTABLE,NORMALIZED
03_GOVERNANCE_EVIDENCE_READONLY/review-session/FREEZE_REMEDIATION_V1/C02R_GENUINE_RAW_PATCH/CLUSTER_09_CHALLENGER_R10.md,26750,87cfbfd2dd50b93509ed4c8bf35e4a91dacefa3eb661781f6fc6d2052e8fdbeb,GOVERNANCE_EVIDENCE_IMMUTABLE,NORMALIZED
03_GOVERNANCE_EVIDENCE_READONLY/review-session/FREEZE_REMEDIATION_V1/C02R_GENUINE_RAW_PATCH/CLUSTER_09_DOMAIN_OWNER_R11.md,33700,924a946514a6aa9d261f12721049d7a56db8127cafe5d5a6ecc690a738181073,GOVERNANCE_EVIDENCE_IMMUTABLE,NORMALIZED
03_GOVERNANCE_EVIDENCE_READONLY/review-session/FREEZE_REMEDIATION_V1/C02R_GENUINE_RAW_PATCH/CLUSTER_09_PROPONENT_R01.md,37023,72124d8fffca9ec53d29f977e307d1c9dde90f8269c83e852b5ab32e3b7ea36c,GOVERNANCE_EVIDENCE_IMMUTABLE,NORMALIZED
03_GOVERNANCE_EVIDENCE_READONLY/review-session/FREEZE_REMEDIATION_V1/C02R_GENUINE_RAW_PATCH/CLUSTER_09_PROPONENT_RESPONSE_R01.md,39348,9eb78cf09e6cae95a39254452f42ef54da55568c247976dd8068e1974ac4f1b0,GOVERNANCE_EVIDENCE_IMMUTABLE,NORMALIZED
03_GOVERNANCE_EVIDENCE_READONLY/review-session/FREEZE_REMEDIATION_V1/C02R_GENUINE_RAW_PATCH/CLUSTER_10_CHALLENGER_R09.md,28937,83762457304e52fe2f9f24a7ded033715d762701daa259528e7302ed29338747,GOVERNANCE_EVIDENCE_IMMUTABLE,NORMALIZED
03_GOVERNANCE_EVIDENCE_READONLY/review-session/FREEZE_REMEDIATION_V1/C02R_GENUINE_RAW_PATCH/CLUSTER_10_DOMAIN_OWNER_R05.md,32461,64d025f6a854854b015b194ca467dbf0f3fbea91c5a9c543a30ad8300ddafd07,GOVERNANCE_EVIDENCE_IMMUTABLE,NORMALIZED
03_GOVERNANCE_EVIDENCE_READONLY/review-session/FREEZE_REMEDIATION_V1/C02R_GENUINE_RAW_PATCH/CLUSTER_10_PROPONENT_R05.md,44207,b8b6ef9eff7824a4f6b83536032ebd3f7f03561e6e153925d3ec5aa2445b4d96,GOVERNANCE_EVIDENCE_IMMUTABLE,NORMALIZED
03_GOVERNANCE_EVIDENCE_READONLY/review-session/FREEZE_REMEDIATION_V1/C02R_GENUINE_RAW_PATCH/CLUSTER_10_PROPONENT_RESPONSE_R05.md,30731,2984d5f75fac4a9fa1abeef55c8fdef28ae5040933e3b8b986c165f751a36d2e,GOVERNANCE_EVIDENCE_IMMUTABLE,NORMALIZED
03_GOVERNANCE_EVIDENCE_READONLY/review-session/FREEZE_REMEDIATION_V1/C02R_GENUINE_RAW_PATCH/CLUSTER_11_CHALLENGER_R12.md,27055,7409a2dfe28e43f94058d2835f2805be91c5883834def7f578e10c08329de5d7,GOVERNANCE_EVIDENCE_IMMUTABLE,NORMALIZED
03_GOVERNANCE_EVIDENCE_READONLY/review-session/FREEZE_REMEDIATION_V1/C02R_GENUINE_RAW_PATCH/CLUSTER_11_DOMAIN_OWNER_R08.md,40304,8b507fb191a7c446e8ed40427a2a3d2e82fab470a3625c502f3315075e483ff6,GOVERNANCE_EVIDENCE_IMMUTABLE,NORMALIZED
03_GOVERNANCE_EVIDENCE_READONLY/review-session/FREEZE_REMEDIATION_V1/C02R_GENUINE_RAW_PATCH/CLUSTER_11_PROPONENT_R08.md,33768,cd72c345985598dc1c156a69a17025e21f510f0176399e34f553546857133f20,GOVERNANCE_EVIDENCE_IMMUTABLE,NORMALIZED
03_GOVERNANCE_EVIDENCE_READONLY/review-session/FREEZE_REMEDIATION_V1/C02R_GENUINE_RAW_PATCH/CLUSTER_11_PROPONENT_RESPONSE_R08.md,34619,a82f0f19199574a8e634cf099923cfe969cc907156f714989cea33f4ed95c294,GOVERNANCE_EVIDENCE_IMMUTABLE,NORMALIZED
03_GOVERNANCE_EVIDENCE_READONLY/review-session/FREEZE_REMEDIATION_V1/C02R_GENUINE_RAW_PATCH/CLUSTER_12_CHALLENGER_R15.md,24702,6c68cc03c7ddc308383053c3e700108a61e2bf19d00699d540ef7cba93b334f1,GOVERNANCE_EVIDENCE_IMMUTABLE,NORMALIZED
03_GOVERNANCE_EVIDENCE_READONLY/review-session/FREEZE_REMEDIATION_V1/C02R_GENUINE_RAW_PATCH/CLUSTER_12_DOMAIN_OWNER_R11.md,24221,0c19512dcaff98ca00fcbd183ccd2836c97f99cf2b7e66a60ac868cb00fde4f3,GOVERNANCE_EVIDENCE_IMMUTABLE,NORMALIZED
03_GOVERNANCE_EVIDENCE_READONLY/review-session/FREEZE_REMEDIATION_V1/C02R_GENUINE_RAW_PATCH/CLUSTER_12_PROPONENT_R11.md,36319,885abb388dcf0699de52ebf228df04d52a454d98668a8ec4b82607b9e97520ce,GOVERNANCE_EVIDENCE_IMMUTABLE,NORMALIZED
03_GOVERNANCE_EVIDENCE_READONLY/review-session/FREEZE_REMEDIATION_V1/C02R_GENUINE_RAW_PATCH/CLUSTER_12_PROPONENT_RESPONSE_R11.md,39134,746a720a1e5a9044e85a93cd8f9233f7ea75006d6bb6c5b3ef742b286ef0d8bb,GOVERNANCE_EVIDENCE_IMMUTABLE,NORMALIZED
03_GOVERNANCE_EVIDENCE_READONLY/review-session/FREEZE_REMEDIATION_V1/TESTS/schema_validator.py,5842,95e4f0227d631be791a17f4e9a9b485e17ebba85bc1a73bfaa4b8ac28fb11d91,GOVERNANCE_EVIDENCE_IMMUTABLE,NORMALIZED
03_GOVERNANCE_EVIDENCE_READONLY/review-session/FREEZE_REMEDIATION_V1/TESTS/test_01_domain_entities_provenance.py,3894,938514b529089b60121c8d36d6320561a4ec022730ce8d6c0fbd5cd8b5c0433c,GOVERNANCE_EVIDENCE_IMMUTABLE,NORMALIZED
03_GOVERNANCE_EVIDENCE_READONLY/review-session/FREEZE_REMEDIATION_V1/TESTS/test_02_generation_job_state_machine.py,1962,1b14b54bb959de46f035adb48b876a05a4bab9ef4068bda7c20badf8a4a498f6,GOVERNANCE_EVIDENCE_IMMUTABLE,NORMALIZED
03_GOVERNANCE_EVIDENCE_READONLY/review-session/FREEZE_REMEDIATION_V1/TESTS/test_03_provider_contracts.py,2725,7e581b910f5165fb2ab4009ba9a7250fc425fd155c5d6160596cd44c3545c8a9,GOVERNANCE_EVIDENCE_IMMUTABLE,NORMALIZED
03_GOVERNANCE_EVIDENCE_READONLY/review-session/FREEZE_REMEDIATION_V1/TESTS/test_04_event_envelope_catalog.py,2081,cf6fa84e17f79b26b1b2ac991874cacb86296663db7a2a7208bb53d3192c07ae,GOVERNANCE_EVIDENCE_IMMUTABLE,NORMALIZED
03_GOVERNANCE_EVIDENCE_READONLY/review-session/FREEZE_REMEDIATION_V1/TESTS/test_05_flow_execution_port.py,2459,4fbe63d2aa65eee9eb226253c93f51eb9922a997b977027cacdcdaad44748b22,GOVERNANCE_EVIDENCE_IMMUTABLE,NORMALIZED
03_GOVERNANCE_EVIDENCE_READONLY/review-session/FREEZE_REMEDIATION_V1/TESTS/test_06_idempotency_attempt_semantics.py,942,bb11b70c71c8a88bd4c86c46128e071140933f8754be5fd252df8efca3aa0fee,GOVERNANCE_EVIDENCE_IMMUTABLE,NORMALIZED
03_GOVERNANCE_EVIDENCE_READONLY/review-session/FREEZE_REMEDIATION_V1/TESTS/test_07_track_a_track_b_equivalence.py,2194,35810ea6f46cec9aefe5e3e0475cd4921f717439dac095efb8f009315b362aad,GOVERNANCE_EVIDENCE_IMMUTABLE,NORMALIZED
03_GOVERNANCE_EVIDENCE_READONLY/review-session/FREEZE_REMEDIATION_V1/TESTS/test_08_spk001_mv3_fallback_spike.py,1498,d141db5d488c258b44fe3cc70e705ae4b11e07c70bb1dea90291ce4bd19636c4,GOVERNANCE_EVIDENCE_IMMUTABLE,NORMALIZED
03_GOVERNANCE_EVIDENCE_READONLY/review-session/FREEZE_REMEDIATION_V1/IMPLEMENTATION_SIMULATIONS_GENUINE/R01_CONTRACTS_SIMULATION.md,39304,4a1c24afd33714648cdea1927877c10e4f52c3de71384172fcb1e3c33f129b56,GOVERNANCE_EVIDENCE_IMMUTABLE,NORMALIZED
03_GOVERNANCE_EVIDENCE_READONLY/review-session/FREEZE_REMEDIATION_V1/IMPLEMENTATION_SIMULATIONS_GENUINE/R02_CORE_STATE_SIMULATION.md,61465,9a9818fc45b84b4bddb06a4120e50aec2ef5de2de511ae491b5cc8d627072129,GOVERNANCE_EVIDENCE_IMMUTABLE,NORMALIZED
03_GOVERNANCE_EVIDENCE_READONLY/review-session/FREEZE_REMEDIATION_V1/IMPLEMENTATION_SIMULATIONS_GENUINE/R06_WORKFLOW_SIMULATION.md,32686,b074c1225de7bf8de51eb5da2cc17fa68512a3597b56609b2ccad19c21a70181,GOVERNANCE_EVIDENCE_IMMUTABLE,NORMALIZED
03_GOVERNANCE_EVIDENCE_READONLY/review-session/FREEZE_REMEDIATION_V1/IMPLEMENTATION_SIMULATIONS_GENUINE/R08_GOOGLE_FLOW_ADAPTER_SIMULATION.md,30049,62d20cba2d0756df18f542f7f370d90c5d9a98377965898c0f68354da7e50fe3,GOVERNANCE_EVIDENCE_IMMUTABLE,NORMALIZED
03_GOVERNANCE_EVIDENCE_READONLY/review-session/FREEZE_REMEDIATION_V1/IMPLEMENTATION_SIMULATIONS_GENUINE/R09_BROWSER_WORKER_SIMULATION.md,51049,f53af4d7da9cff4b070a19b38046c2b785c3a4ebd722ae745f6da72ddc8625af,GOVERNANCE_EVIDENCE_IMMUTABLE,NORMALIZED
03_GOVERNANCE_EVIDENCE_READONLY/review-session/FREEZE_REMEDIATION_V1/C03R/SOL_01_CANONICAL_PROVENANCE_DATA_MODEL.md,3999,8c034c8d3286ece6d1d78ca465a17fea19a337b39b32d75b24a16ae59ed08e3d,GOVERNANCE_EVIDENCE_IMMUTABLE,NORMALIZED
03_GOVERNANCE_EVIDENCE_READONLY/review-session/FREEZE_REMEDIATION_V1/C03R/SOL_02_GENERATION_JOB_STATE_MACHINE.md,2218,397b8e6081c8007e13236342867b42a21710d9288266ceb0fb0503798e571a16,GOVERNANCE_EVIDENCE_IMMUTABLE,NORMALIZED
03_GOVERNANCE_EVIDENCE_READONLY/review-session/FREEZE_REMEDIATION_V1/C03R/SOL_03_FLOW_EXECUTION_PORT_CONTRACT.md,2646,830f715e8b227f8b2b21af463755fa4cf00482bb495b32088c36555cb08b6308,GOVERNANCE_EVIDENCE_IMMUTABLE,NORMALIZED
03_GOVERNANCE_EVIDENCE_READONLY/review-session/FREEZE_REMEDIATION_V1/C03R/SOL_04_EVENT_ENVELOPE_STANDARDS.md,1956,143041df87ad32070cff32740e7c29515d7da2c0843ed72e1018176fb86c05b1,GOVERNANCE_EVIDENCE_IMMUTABLE,NORMALIZED
03_GOVERNANCE_EVIDENCE_READONLY/review-session/FREEZE_REMEDIATION_V1/C03R/SOL_05_PROVIDER_STATUS_ERROR_MODEL.md,1918,341233a92e58e92ff5292562db61e19170b9453b69313633cc25971259753092,GOVERNANCE_EVIDENCE_IMMUTABLE,NORMALIZED
03_GOVERNANCE_EVIDENCE_READONLY/review-session/FREEZE_REMEDIATION_V1/C03R/SOL_06_SECURITY_SECRET_HANDLING_BOUNDARY.md,1911,00902b76306a5da15f9050b1dfd7550a25000e3875daf4219cec218b0ce9b171,GOVERNANCE_EVIDENCE_IMMUTABLE,NORMALIZED
03_GOVERNANCE_EVIDENCE_READONLY/review-session/FREEZE_REMEDIATION_V1/C03R/SOL_07_BROWSER_MV3_FALLBACK_RISK.md,1769,661c41bfd3416200794dff911536ad07ef4c1affcc92a5a356dd8ad666ce318b,GOVERNANCE_EVIDENCE_IMMUTABLE,NORMALIZED
03_GOVERNANCE_EVIDENCE_READONLY/review-session/FREEZE_REMEDIATION_V1/C03R/SOL_08_PACKAGE_RELEASE_INTEGRITY_MODEL.md,2129,9d89cf538346f28f53e8890ce0566e53fd81264e6457ebd1239925da6cee9f91,GOVERNANCE_EVIDENCE_IMMUTABLE,NORMALIZED
03_GOVERNANCE_EVIDENCE_READONLY/review-session/FREEZE_REMEDIATION_V1/AUDITS_SUPERSEDED_SYNTHETIC/C05R_AUDIT_JUDGE_REPORT.md,3358,790c9f816557a63859ecf8e9dc602280e9f31b42b6a70c8a3a07f40d3e3077a5,GOVERNANCE_EVIDENCE_IMMUTABLE,NORMALIZED
03_GOVERNANCE_EVIDENCE_READONLY/review-session/FREEZE_REMEDIATION_V1/AUDITS_SUPERSEDED_SYNTHETIC/C05R_RAW_AUDITOR_A.md,3886,3db602c240085bc28275b541a60a3f210da5519654a617f7805866e219e5f762,GOVERNANCE_EVIDENCE_IMMUTABLE,NORMALIZED
03_GOVERNANCE_EVIDENCE_READONLY/review-session/FREEZE_REMEDIATION_V1/AUDITS_SUPERSEDED_SYNTHETIC/C05R_RAW_AUDITOR_B.md,3730,f4c791865c9da07fe0d42ffe1871dedae0975b8b7f10bdae02958810af717215,GOVERNANCE_EVIDENCE_IMMUTABLE,NORMALIZED
03_GOVERNANCE_EVIDENCE_READONLY/review-session/FREEZE_REMEDIATION_V1/C02R_RAW_SUPERSEDED_SYNTHETIC/CLUSTER_01_CANONICAL_DOMAIN_PROVENANCE.md,4911,e26d741b7fe01f52a01663a0f358625d4b3da4aa12099a9b055a55781855e173,GOVERNANCE_EVIDENCE_IMMUTABLE,NORMALIZED
03_GOVERNANCE_EVIDENCE_READONLY/review-session/FREEZE_REMEDIATION_V1/C02R_RAW_SUPERSEDED_SYNTHETIC/CLUSTER_02_GENERATION_JOB_LIFECYCLE_STATE_MACHINE.md,4135,ba4ca497431b4c4b8182ede1354d4da824eaca517e472ef03a91f04ced0f6ce3,GOVERNANCE_EVIDENCE_IMMUTABLE,NORMALIZED
03_GOVERNANCE_EVIDENCE_READONLY/review-session/FREEZE_REMEDIATION_V1/C02R_RAW_SUPERSEDED_SYNTHETIC/CLUSTER_03_FLOW_EXECUTION_PORT_SPECIFICATION.md,4358,e5b531a39e61a90a4c8179ecfd3060f54f95329ea9465ef4d48ce0ea593b6cc3,GOVERNANCE_EVIDENCE_IMMUTABLE,NORMALIZED
03_GOVERNANCE_EVIDENCE_READONLY/review-session/FREEZE_REMEDIATION_V1/C02R_RAW_SUPERSEDED_SYNTHETIC/CLUSTER_04_PROVIDER_RESULT_LIFECYCLE_ERROR_MODEL.md,4005,9dbe10b1e1ce1c57494fdd5c71a5141a30b786e5737071c3b2934fc6e2ffc83f,GOVERNANCE_EVIDENCE_IMMUTABLE,NORMALIZED
03_GOVERNANCE_EVIDENCE_READONLY/review-session/FREEZE_REMEDIATION_V1/C02R_RAW_SUPERSEDED_SYNTHETIC/CLUSTER_05_EVENT_ENVELOPE_NAMING_STANDARDS.md,3780,e9ed050f603e3ee527b2ebb5639a8b4c3f26e71074f97e8a1569ebf153518193,GOVERNANCE_EVIDENCE_IMMUTABLE,NORMALIZED
03_GOVERNANCE_EVIDENCE_READONLY/review-session/FREEZE_REMEDIATION_V1/C02R_RAW_SUPERSEDED_SYNTHETIC/CLUSTER_06_SECURITY_TRUST_BOUNDARIES_SECRET_HANDLING.md,3981,7d1a4c81c7b5cd38a27a3103f755cf78dbe7f68c2cf404940c6b8b3f466709a6,GOVERNANCE_EVIDENCE_IMMUTABLE,NORMALIZED
03_GOVERNANCE_EVIDENCE_READONLY/review-session/FREEZE_REMEDIATION_V1/C02R_RAW_SUPERSEDED_SYNTHETIC/CLUSTER_07_BROWSER_EXECUTION_MV3_FALLBACK_SPK001.md,3997,b7def1ececb230fb8e4007cf81a01eff283e101ba5afba6950b34727fd314fd4,GOVERNANCE_EVIDENCE_IMMUTABLE,NORMALIZED
03_GOVERNANCE_EVIDENCE_READONLY/review-session/FREEZE_REMEDIATION_V1/C02R_RAW_SUPERSEDED_SYNTHETIC/CLUSTER_08_IDEMPOTENCY_LEASES_TWO_PHASE_SETTLEMENT.md,3477,c67b8006d17ea2e11a5e7994656e5271b8a9e52afa65bbfdb0a409f6bdafe33f,GOVERNANCE_EVIDENCE_IMMUTABLE,NORMALIZED
03_GOVERNANCE_EVIDENCE_READONLY/review-session/FREEZE_REMEDIATION_V1/C02R_RAW_SUPERSEDED_SYNTHETIC/CLUSTER_09_REPOSITORY_DEPENDENCY_ARCHITECTURE.md,3393,e7e0f25837432f8a3302c45a0f575ddf4a0418f940fc6f9dddc617140d08f290,GOVERNANCE_EVIDENCE_IMMUTABLE,NORMALIZED
03_GOVERNANCE_EVIDENCE_READONLY/review-session/FREEZE_REMEDIATION_V1/C02R_RAW_SUPERSEDED_SYNTHETIC/CLUSTER_10_PROMPT_AST_AND_ASSET_CONTINUITY.md,2521,5712b14908f8c92fbcc81cc7a0573a0d2cb8724ab6c4f80d3efa7d2f5c8ba71d,GOVERNANCE_EVIDENCE_IMMUTABLE,NORMALIZED
03_GOVERNANCE_EVIDENCE_READONLY/review-session/FREEZE_REMEDIATION_V1/C02R_RAW_SUPERSEDED_SYNTHETIC/CLUSTER_11_QC_PIPELINE_AND_MEDIA_PROCESSING.md,2460,fa171673a99648699c5b186cf04b2668a4b6793766681aa253f2a86e14978dd1,GOVERNANCE_EVIDENCE_IMMUTABLE,NORMALIZED
03_GOVERNANCE_EVIDENCE_READONLY/review-session/FREEZE_REMEDIATION_V1/C02R_RAW_SUPERSEDED_SYNTHETIC/CLUSTER_12_RELEASE_INTEGRITY_AND_CERTIFICATION.md,3270,762f252a4a03b09bf8dc18a778b10e604f96a34c1daee33c8aa83872e1fcb78b,GOVERNANCE_EVIDENCE_IMMUTABLE,NORMALIZED
03_GOVERNANCE_EVIDENCE_READONLY/review-session/FREEZE_REMEDIATION_V1/C04R/VOTE_ELIGIBILITY.md,3332,8be433633b600484a2fbe47e97366246f9e7f43851e6126779da68b504aafaa2,GOVERNANCE_EVIDENCE_IMMUTABLE,NORMALIZED
03_GOVERNANCE_EVIDENCE_READONLY/review-session/FREEZE_REMEDIATION_V1/C04R/VOTE_INTEGRITY_AUDIT.md,37782,763589cbec740f94f8d356348180f6f3d0cb85f74c26e616821354836b918c59,GOVERNANCE_EVIDENCE_IMMUTABLE,NORMALIZED
03_GOVERNANCE_EVIDENCE_READONLY/review-session/FREEZE_REMEDIATION_V1/C04R/VOTE_RECORD.md,196633,51aacb3a3520553eedb281198558cf252c0666e605921ccb32fa8535b1136d91,GOVERNANCE_EVIDENCE_IMMUTABLE,NORMALIZED
03_GOVERNANCE_EVIDENCE_READONLY/review-session/FREEZE_REMEDIATION_V1/C04R/BALLOTS/RAW_SUPERSEDED_SYNTHETIC/BALLOT_CP-001_R01.json,632,9d471191029231cac5fda330c0de83fd955d6ccfbcb1900ceb7ec653b4494b6b,GOVERNANCE_EVIDENCE_IMMUTABLE,NORMALIZED
03_GOVERNANCE_EVIDENCE_READONLY/review-session/FREEZE_REMEDIATION_V1/C04R/BALLOTS/RAW_SUPERSEDED_SYNTHETIC/BALLOT_CP-001_R02.json,562,0139fe7501b83b61911db9e3b85e627d728dd2fd13f8ace4a0099db36f8351ba,GOVERNANCE_EVIDENCE_IMMUTABLE,NORMALIZED
03_GOVERNANCE_EVIDENCE_READONLY/review-session/FREEZE_REMEDIATION_V1/C04R/BALLOTS/RAW_SUPERSEDED_SYNTHETIC/BALLOT_CP-001_R04.json,652,4eb56177d382c1924fcfd12761ab471138aa8bbffb5be70d3ee4600de4ce278f,GOVERNANCE_EVIDENCE_IMMUTABLE,NORMALIZED
03_GOVERNANCE_EVIDENCE_READONLY/review-session/FREEZE_REMEDIATION_V1/C04R/BALLOTS/RAW_SUPERSEDED_SYNTHETIC/BALLOT_CP-001_R05.json,627,6272d10f08a2c4e0de4f8906f51eb3298cdf65d62e527e962374905f0c797051,GOVERNANCE_EVIDENCE_IMMUTABLE,NORMALIZED
03_GOVERNANCE_EVIDENCE_READONLY/review-session/FREEZE_REMEDIATION_V1/C04R/BALLOTS/RAW_SUPERSEDED_SYNTHETIC/BALLOT_CP-001_R09.json,615,ea854f863163ae841b3b7680dc35af7e83e2580c7c9752285491a1d90cad5134,GOVERNANCE_EVIDENCE_IMMUTABLE,NORMALIZED
03_GOVERNANCE_EVIDENCE_READONLY/review-session/FREEZE_REMEDIATION_V1/C04R/BALLOTS/RAW_SUPERSEDED_SYNTHETIC/BALLOT_CP-002_R02.json,657,cd0541523dfe7aaaeaa6012efe23dee0c69ed309514a11c62e4f192b20b0e16c,GOVERNANCE_EVIDENCE_IMMUTABLE,NORMALIZED
03_GOVERNANCE_EVIDENCE_READONLY/review-session/FREEZE_REMEDIATION_V1/C04R/BALLOTS/RAW_SUPERSEDED_SYNTHETIC/BALLOT_CP-002_R03.json,615,3f4361b1cde08c1f590ef4c4927164044fde9c881c4c27d3d142430d14720210,GOVERNANCE_EVIDENCE_IMMUTABLE,NORMALIZED
03_GOVERNANCE_EVIDENCE_READONLY/review-session/FREEZE_REMEDIATION_V1/C04R/BALLOTS/RAW_SUPERSEDED_SYNTHETIC/BALLOT_CP-002_R04.json,541,fedb4e342f2efdef0fe558fb263133a4f72f5a30a6d3f49b679ae72ce6ba1aa8,GOVERNANCE_EVIDENCE_IMMUTABLE,NORMALIZED
03_GOVERNANCE_EVIDENCE_READONLY/review-session/FREEZE_REMEDIATION_V1/C04R/BALLOTS/RAW_SUPERSEDED_SYNTHETIC/BALLOT_CP-002_R13.json,570,18b2c3db4f28ca98ef332cab6b3f654a408a41380be1949b2ea13e545075dfa5,GOVERNANCE_EVIDENCE_IMMUTABLE,NORMALIZED
03_GOVERNANCE_EVIDENCE_READONLY/review-session/FREEZE_REMEDIATION_V1/C04R/BALLOTS/RAW_SUPERSEDED_SYNTHETIC/BALLOT_CP-003_R02.json,622,af437d8336cdf9a1f40e63ce948c305f5aca221a3b2e8aae2967d21a12f29ed0,GOVERNANCE_EVIDENCE_IMMUTABLE,NORMALIZED
03_GOVERNANCE_EVIDENCE_READONLY/review-session/FREEZE_REMEDIATION_V1/C04R/BALLOTS/RAW_SUPERSEDED_SYNTHETIC/BALLOT_CP-003_R04.json,567,dac161bee68033d37842ee1655d7bb2caedf88a834894bb9cd5217d3b4790a11,GOVERNANCE_EVIDENCE_IMMUTABLE,NORMALIZED
03_GOVERNANCE_EVIDENCE_READONLY/review-session/FREEZE_REMEDIATION_V1/C04R/BALLOTS/RAW_SUPERSEDED_SYNTHETIC/BALLOT_CP-003_R06.json,670,13e3e8508d6a169d7d8d054f57a7480b59aea316f17321510c16506f10970e21,GOVERNANCE_EVIDENCE_IMMUTABLE,NORMALIZED
03_GOVERNANCE_EVIDENCE_READONLY/review-session/FREEZE_REMEDIATION_V1/C04R/BALLOTS/RAW_SUPERSEDED_SYNTHETIC/BALLOT_CP-003_R08.json,570,3e5ae01fcc531e8d632c1ea5a7bb6139ac7782a884fdf1fe7f646c5ac716b3aa,GOVERNANCE_EVIDENCE_IMMUTABLE,NORMALIZED
03_GOVERNANCE_EVIDENCE_READONLY/review-session/FREEZE_REMEDIATION_V1/C04R/BALLOTS/RAW_SUPERSEDED_SYNTHETIC/BALLOT_CP-003_R10.json,561,98013fcae7b72411d0548183d3f5f1c14ff42a72d310396b2548fa1f82cb99c6,GOVERNANCE_EVIDENCE_IMMUTABLE,NORMALIZED
03_GOVERNANCE_EVIDENCE_READONLY/review-session/FREEZE_REMEDIATION_V1/C04R/BALLOTS/RAW_SUPERSEDED_SYNTHETIC/BALLOT_CP-004_R02.json,602,4c6f84487111899ba8f1303be5b5f7d5d9009c0fffdfcfa57c5ea24385602be8,GOVERNANCE_EVIDENCE_IMMUTABLE,NORMALIZED
03_GOVERNANCE_EVIDENCE_READONLY/review-session/FREEZE_REMEDIATION_V1/C04R/BALLOTS/RAW_SUPERSEDED_SYNTHETIC/BALLOT_CP-004_R04.json,615,438ae56cb0bf139f6f212ddd9834e88b0a3676463dd599d882e68693b3786f2e,GOVERNANCE_EVIDENCE_IMMUTABLE,NORMALIZED
03_GOVERNANCE_EVIDENCE_READONLY/review-session/FREEZE_REMEDIATION_V1/C04R/BALLOTS/RAW_SUPERSEDED_SYNTHETIC/BALLOT_CP-004_R07.json,600,5c5a837c5aab253ba7878e14246c3165fd5cccbb3ec90f6d66e06aedef2d94f7,GOVERNANCE_EVIDENCE_IMMUTABLE,NORMALIZED
03_GOVERNANCE_EVIDENCE_READONLY/review-session/FREEZE_REMEDIATION_V1/C04R/BALLOTS/RAW_SUPERSEDED_SYNTHETIC/BALLOT_CP-004_R09.json,559,b87553823adac7c6c6061bf61379c19d89142034d5a31b32eebfd9da39ca2723,GOVERNANCE_EVIDENCE_IMMUTABLE,NORMALIZED
03_GOVERNANCE_EVIDENCE_READONLY/review-session/FREEZE_REMEDIATION_V1/C04R/BALLOTS/RAW_SUPERSEDED_SYNTHETIC/BALLOT_CP-005_R02.json,535,8bae94d7d9d2e599bcc8fd75cc209091b2bcfe61e52c046b25019fb4d95d6703,GOVERNANCE_EVIDENCE_IMMUTABLE,NORMALIZED
03_GOVERNANCE_EVIDENCE_READONLY/review-session/FREEZE_REMEDIATION_V1/C04R/BALLOTS/RAW_SUPERSEDED_SYNTHETIC/BALLOT_CP-005_R04.json,604,8e17206e966ce5bd947085b0aa30d043b056e2a0b0983c55fc38601dd20fa660,GOVERNANCE_EVIDENCE_IMMUTABLE,NORMALIZED
03_GOVERNANCE_EVIDENCE_READONLY/review-session/FREEZE_REMEDIATION_V1/C04R/BALLOTS/RAW_SUPERSEDED_SYNTHETIC/BALLOT_CP-005_R11.json,547,329989c589bd89462aa7b0d60b77ab0cc851aead9da524de6d313c9b1a7d222a,GOVERNANCE_EVIDENCE_IMMUTABLE,NORMALIZED
03_GOVERNANCE_EVIDENCE_READONLY/review-session/FREEZE_REMEDIATION_V1/C04R/BALLOTS/RAW_SUPERSEDED_SYNTHETIC/BALLOT_CP-005_R14.json,611,031475fb33cc8f90d6f7fab74bd1e7d5eafaf9b2d34c50d3d964d0ce3ae71600,GOVERNANCE_EVIDENCE_IMMUTABLE,NORMALIZED
03_GOVERNANCE_EVIDENCE_READONLY/review-session/FREEZE_REMEDIATION_V1/C04R/BALLOTS/RAW_SUPERSEDED_SYNTHETIC/BALLOT_CP-006_R02.json,540,ffe8a9799d982b2aa6821686ac599169a57630ef54c8b4365f04be55c03c041b,GOVERNANCE_EVIDENCE_IMMUTABLE,NORMALIZED
03_GOVERNANCE_EVIDENCE_READONLY/review-session/FREEZE_REMEDIATION_V1/C04R/BALLOTS/RAW_SUPERSEDED_SYNTHETIC/BALLOT_CP-006_R06.json,643,97eb5128320cabc2db828b034fe6078f64143d2994338a9b1487406d62c397c5,GOVERNANCE_EVIDENCE_IMMUTABLE,NORMALIZED
03_GOVERNANCE_EVIDENCE_READONLY/review-session/FREEZE_REMEDIATION_V1/C04R/BALLOTS/RAW_SUPERSEDED_SYNTHETIC/BALLOT_CP-006_R11.json,553,764963f63a807c3287938bf66216be909dc84a5429ada0e2241859c22773a0cd,GOVERNANCE_EVIDENCE_IMMUTABLE,NORMALIZED
03_GOVERNANCE_EVIDENCE_READONLY/review-session/FREEZE_REMEDIATION_V1/C04R/BALLOTS/RAW_SUPERSEDED_SYNTHETIC/BALLOT_CP-006_R15.json,548,7eb7bc38ab74253526e73d45d18b3fb39f8f7e181a8b15a1eef4d741e0dfcef9,GOVERNANCE_EVIDENCE_IMMUTABLE,NORMALIZED
03_GOVERNANCE_EVIDENCE_READONLY/review-session/FREEZE_REMEDIATION_V1/C04R/BALLOTS/RAW_SUPERSEDED_SYNTHETIC/BALLOT_CP-007_R06.json,522,697453edb0483b2692ba0cc2a35b28d57de424575348866a1f3a62a04fcc22ac,GOVERNANCE_EVIDENCE_IMMUTABLE,NORMALIZED
03_GOVERNANCE_EVIDENCE_READONLY/review-session/FREEZE_REMEDIATION_V1/C04R/BALLOTS/RAW_SUPERSEDED_SYNTHETIC/BALLOT_CP-007_R07.json,636,7649597b3d0353674cae02c32af41efdae6e7d53f1cda0f6dfd8f638c593009d,GOVERNANCE_EVIDENCE_IMMUTABLE,NORMALIZED
03_GOVERNANCE_EVIDENCE_READONLY/review-session/FREEZE_REMEDIATION_V1/C04R/BALLOTS/RAW_SUPERSEDED_SYNTHETIC/BALLOT_CP-007_R14.json,559,a37a2c405dfc50303e1cb662400ba3ad4a2dff8062fd2406c0adcfa7fddfc8de,GOVERNANCE_EVIDENCE_IMMUTABLE,NORMALIZED
03_GOVERNANCE_EVIDENCE_READONLY/review-session/FREEZE_REMEDIATION_V1/C04R/BALLOTS/RAW_SUPERSEDED_SYNTHETIC/BALLOT_CP-007_R15.json,529,f4be0e78e147577f3f2805b03d5ac671e776d1b7405a102db7f1b297b7d8be3e,GOVERNANCE_EVIDENCE_IMMUTABLE,NORMALIZED
03_GOVERNANCE_EVIDENCE_READONLY/review-session/FREEZE_REMEDIATION_V1/C04R/BALLOTS/RAW_SUPERSEDED_SYNTHETIC/BALLOT_CP-008_R02.json,550,68c7e1c16f30bb23d67fddac77808201816ab4e92482bf757837569afb5123f4,GOVERNANCE_EVIDENCE_IMMUTABLE,NORMALIZED
03_GOVERNANCE_EVIDENCE_READONLY/review-session/FREEZE_REMEDIATION_V1/C04R/BALLOTS/RAW_SUPERSEDED_SYNTHETIC/BALLOT_CP-008_R04.json,503,88610d558073e9b3b62912becc8f6519cfa8270dbd5ce899f9e43ea81457d57e,GOVERNANCE_EVIDENCE_IMMUTABLE,NORMALIZED
03_GOVERNANCE_EVIDENCE_READONLY/review-session/FREEZE_REMEDIATION_V1/C04R/BALLOTS/RAW_SUPERSEDED_SYNTHETIC/BALLOT_CP-008_R05.json,512,5af75fc915442a215ad83a64093b04ed13dbc9a61458b773e8b032400f739afc,GOVERNANCE_EVIDENCE_IMMUTABLE,NORMALIZED
03_GOVERNANCE_EVIDENCE_READONLY/review-session/FREEZE_REMEDIATION_V1/C04R/BALLOTS/RAW_SUPERSEDED_SYNTHETIC/BALLOT_CP-009_R02.json,533,153e66799a244e51dbc2c97a89e874c056b17b227f2f51fe5013a28f5154c0ad,GOVERNANCE_EVIDENCE_IMMUTABLE,NORMALIZED
03_GOVERNANCE_EVIDENCE_READONLY/review-session/FREEZE_REMEDIATION_V1/C04R/BALLOTS/RAW_SUPERSEDED_SYNTHETIC/BALLOT_CP-009_R05.json,481,f2b2082f6063cc33b06cfcb889485df54456856076609b491d344a53b8103606,GOVERNANCE_EVIDENCE_IMMUTABLE,NORMALIZED
03_GOVERNANCE_EVIDENCE_READONLY/review-session/FREEZE_REMEDIATION_V1/C04R/BALLOTS/RAW_SUPERSEDED_SYNTHETIC/BALLOT_CP-009_R14.json,494,c90c15def8ae287031045ee63d922f92654a27ea4547712dd118efbc389a8f18,GOVERNANCE_EVIDENCE_IMMUTABLE,NORMALIZED
03_GOVERNANCE_EVIDENCE_READONLY/review-session/FREEZE_REMEDIATION_V1/C04R/BALLOTS/RAW_SUPERSEDED_SYNTHETIC/BALLOT_CP-010_R01.json,554,54619fb6bbae7a26410a35e10deacb134328dae9e0a3ab18edaea0e8840bb504,GOVERNANCE_EVIDENCE_IMMUTABLE,NORMALIZED
03_GOVERNANCE_EVIDENCE_READONLY/review-session/FREEZE_REMEDIATION_V1/C04R/BALLOTS/RAW_SUPERSEDED_SYNTHETIC/BALLOT_CP-010_R10.json,530,ae52e3d00bdba70444c64849960f35c34716be7d3ee8280d49478a65f2aef629,GOVERNANCE_EVIDENCE_IMMUTABLE,NORMALIZED
03_GOVERNANCE_EVIDENCE_READONLY/review-session/FREEZE_REMEDIATION_V1/C04R/BALLOTS/RAW_SUPERSEDED_SYNTHETIC/BALLOT_CP-010_R11.json,508,92fc543c52237f39a9cd4f08b89c39dff69767fac55cdb82955d118efb82d8b5,GOVERNANCE_EVIDENCE_IMMUTABLE,NORMALIZED
03_GOVERNANCE_EVIDENCE_READONLY/review-session/FREEZE_REMEDIATION_V1/C04R/BALLOTS/RAW_SUPERSEDED_SYNTHETIC/BALLOT_CP-010_R15.json,525,642439db606e74e3b6f027138c1689dcf6c370ef74b56d7d3ffa21ce24eafda5,GOVERNANCE_EVIDENCE_IMMUTABLE,NORMALIZED
03_GOVERNANCE_EVIDENCE_READONLY/review-session/FREEZE_REMEDIATION_V1/C04R/BALLOTS/RAW_SUPERSEDED_SYNTHETIC/BALLOT_CP-011_R01.json,490,e0cfb9b1ce171bd1ad3c90ffb1db723fdf778e5c6f286525becd03047c033ecb,GOVERNANCE_EVIDENCE_IMMUTABLE,NORMALIZED
03_GOVERNANCE_EVIDENCE_READONLY/review-session/FREEZE_REMEDIATION_V1/C04R/BALLOTS/RAW_SUPERSEDED_SYNTHETIC/BALLOT_CP-011_R04.json,479,b83d59c989795f284bd1e87f0045561186324c02478986b30f07dbe95e4aac07,GOVERNANCE_EVIDENCE_IMMUTABLE,NORMALIZED
03_GOVERNANCE_EVIDENCE_READONLY/review-session/FREEZE_REMEDIATION_V1/C04R/BALLOTS/RAW_SUPERSEDED_SYNTHETIC/BALLOT_CP-011_R09.json,561,e14a916966eeeb6920c0c0dff2fc67f4f64c677cc0082754ffd12570faf56ed2,GOVERNANCE_EVIDENCE_IMMUTABLE,NORMALIZED
03_GOVERNANCE_EVIDENCE_READONLY/review-session/FREEZE_REMEDIATION_V1/C04R/BALLOTS/RAW_SUPERSEDED_SYNTHETIC/BALLOT_CP-012_R01.json,482,14cffa6b0c7feb24040d7315516cb4cac49fb47d6f98b90c09eca775ebbe16ff,GOVERNANCE_EVIDENCE_IMMUTABLE,NORMALIZED
03_GOVERNANCE_EVIDENCE_READONLY/review-session/FREEZE_REMEDIATION_V1/C04R/BALLOTS/RAW_SUPERSEDED_SYNTHETIC/BALLOT_CP-012_R04.json,551,7a1fc40b7992f358e8dbf10f3d767eb461e138181fb81b2b56ff3073406a7bf9,GOVERNANCE_EVIDENCE_IMMUTABLE,NORMALIZED
03_GOVERNANCE_EVIDENCE_READONLY/review-session/FREEZE_REMEDIATION_V1/C04R/BALLOTS/RAW_SUPERSEDED_SYNTHETIC/BALLOT_CP-012_R09.json,492,73e6b2915a008d63fecd028d6c0049c1f1a25dffca6694ed78956f086ff11768,GOVERNANCE_EVIDENCE_IMMUTABLE,NORMALIZED
03_GOVERNANCE_EVIDENCE_READONLY/review-session/FREEZE_REMEDIATION_V1/C04R/BALLOTS/RAW_SUPERSEDED_SYNTHETIC/BALLOT_CP-013_R02.json,502,95abe955e3542b518b476ffaac53a9dfaca6b855a74e36ea20b47a917bdaed55,GOVERNANCE_EVIDENCE_IMMUTABLE,NORMALIZED
03_GOVERNANCE_EVIDENCE_READONLY/review-session/FREEZE_REMEDIATION_V1/C04R/BALLOTS/RAW_SUPERSEDED_SYNTHETIC/BALLOT_CP-013_R08.json,545,9945ebf458c83962caa3b42f233ee139fec50c03010b12653c2e2aa4fb551d53,GOVERNANCE_EVIDENCE_IMMUTABLE,NORMALIZED
03_GOVERNANCE_EVIDENCE_READONLY/review-session/FREEZE_REMEDIATION_V1/C04R/BALLOTS/RAW_SUPERSEDED_SYNTHETIC/BALLOT_CP-013_R14.json,525,d96aec133dce43eddf4484d6ca0011cd61074153bdb0808c791655c3c1e8186a,GOVERNANCE_EVIDENCE_IMMUTABLE,NORMALIZED
03_GOVERNANCE_EVIDENCE_READONLY/review-session/FREEZE_REMEDIATION_V1/C04R/BALLOTS/RAW_SUPERSEDED_SYNTHETIC/BALLOT_CP-014_R02.json,556,c43afed847cdf6b4259bb158755219c25ca558ca1beddd25a6c01efa6d1bb4dc,GOVERNANCE_EVIDENCE_IMMUTABLE,NORMALIZED
03_GOVERNANCE_EVIDENCE_READONLY/review-session/FREEZE_REMEDIATION_V1/C04R/BALLOTS/RAW_SUPERSEDED_SYNTHETIC/BALLOT_CP-014_R08.json,502,738bb8c1cc83e9d0d3c7050c9577e1675d6d97a2e2a43ce6a338ba8730b5e190,GOVERNANCE_EVIDENCE_IMMUTABLE,NORMALIZED
03_GOVERNANCE_EVIDENCE_READONLY/review-session/FREEZE_REMEDIATION_V1/C04R/BALLOTS/RAW_SUPERSEDED_SYNTHETIC/BALLOT_CP-014_R12.json,502,388d83bc4c888c6499568f1a38c14e5dcd736b0429ac3e6e24a40195b7322862,GOVERNANCE_EVIDENCE_IMMUTABLE,NORMALIZED
03_GOVERNANCE_EVIDENCE_READONLY/review-session/FREEZE_REMEDIATION_V1/C04R/BALLOTS/RAW_SUPERSEDED_SYNTHETIC/BALLOT_CP-015_Council Secretary.json,560,d3d2ae94316f327b282fb076fd79015ee54bb2ca017126a82ed36796476a5089,GOVERNANCE_EVIDENCE_IMMUTABLE,NORMALIZED
03_GOVERNANCE_EVIDENCE_READONLY/review-session/FREEZE_REMEDIATION_V1/C04R/BALLOTS/RAW_SUPERSEDED_SYNTHETIC/BALLOT_CP-015_R08.json,507,41a27506a9d20e0e992a8999a809ce98e51430983b336489cf3741469dcf80ae,GOVERNANCE_EVIDENCE_IMMUTABLE,NORMALIZED
03_GOVERNANCE_EVIDENCE_READONLY/review-session/FREEZE_REMEDIATION_V1/C04R/BALLOTS/RAW_SUPERSEDED_SYNTHETIC/BALLOT_CP-015_R11.json,557,2e2dbc6d855c1bb612ac1480ad820861501895f3837863a4c8864e0557805d49,GOVERNANCE_EVIDENCE_IMMUTABLE,NORMALIZED
03_GOVERNANCE_EVIDENCE_READONLY/review-session/FREEZE_REMEDIATION_V1/C04R/BALLOTS/RAW_SUPERSEDED_SYNTHETIC/BALLOT_CP-015_R15.json,503,359756c81389d4707b78c929b8fffa1e3a40f88f28e5ea821d5187224c61bf5a,GOVERNANCE_EVIDENCE_IMMUTABLE,NORMALIZED
03_GOVERNANCE_EVIDENCE_READONLY/review-session/FREEZE_REMEDIATION_V1/C04R/BALLOTS/RAW_SUPERSEDED_SYNTHETIC/BALLOT_CP-016_R01.json,554,df820538bc7bf4997dbea2da5d98dffc5576f38b5923ebf8e68f51a728a2559e,GOVERNANCE_EVIDENCE_IMMUTABLE,NORMALIZED
03_GOVERNANCE_EVIDENCE_READONLY/review-session/FREEZE_REMEDIATION_V1/C04R/BALLOTS/RAW_SUPERSEDED_SYNTHETIC/BALLOT_CP-016_R04.json,485,5ae5641e4ee0cb2080d48856a288ceca8bd4a01b26d141d5b0f08ede6813905d,GOVERNANCE_EVIDENCE_IMMUTABLE,NORMALIZED
03_GOVERNANCE_EVIDENCE_READONLY/review-session/FREEZE_REMEDIATION_V1/C04R/BALLOTS/RAW_SUPERSEDED_SYNTHETIC/BALLOT_CP-016_R05.json,493,21d5448b2a5dc3f0a7b3f2b4106713600af7681e1633b64b3d11cb37d281fb9b,GOVERNANCE_EVIDENCE_IMMUTABLE,NORMALIZED
03_GOVERNANCE_EVIDENCE_READONLY/review-session/FREEZE_REMEDIATION_V1/C04R/BALLOTS/RAW_SUPERSEDED_SYNTHETIC/BALLOT_CP-016_R06.json,501,cdc3e66af50b65910b454a8ee2d137acb406324b8adcaf06fa92d63b1117810f,GOVERNANCE_EVIDENCE_IMMUTABLE,NORMALIZED
03_GOVERNANCE_EVIDENCE_READONLY/review-session/FREEZE_REMEDIATION_V1/C04R/BALLOTS/RAW_SUPERSEDED_SYNTHETIC/BALLOT_CP-017_R04.json,546,d98fa64dc33c22a741511b83ceb2c5438b78ed45ae4e091b67679fccb8501413,GOVERNANCE_EVIDENCE_IMMUTABLE,NORMALIZED
03_GOVERNANCE_EVIDENCE_READONLY/review-session/FREEZE_REMEDIATION_V1/C04R/BALLOTS/RAW_SUPERSEDED_SYNTHETIC/BALLOT_CP-017_R07.json,493,714d9ceb1742e031c3e7818f4336b80fba6676916ff9a46300b16c6adee61779,GOVERNANCE_EVIDENCE_IMMUTABLE,NORMALIZED
03_GOVERNANCE_EVIDENCE_READONLY/review-session/FREEZE_REMEDIATION_V1/C04R/BALLOTS/RAW_SUPERSEDED_SYNTHETIC/BALLOT_CP-017_R08.json,494,26b28c0bb34b6123fbc4b45ca4c52ea9d253a18f3a5bc9316c2b7a9afe29db62,GOVERNANCE_EVIDENCE_IMMUTABLE,NORMALIZED
03_GOVERNANCE_EVIDENCE_READONLY/review-session/FREEZE_REMEDIATION_V1/C04R/BALLOTS/RAW_SUPERSEDED_SYNTHETIC/BALLOT_CP-018_R02.json,586,604355258069afcacabc28209a60ff0d6f4511ac013f44136ae51b34752cfe75,GOVERNANCE_EVIDENCE_IMMUTABLE,NORMALIZED
03_GOVERNANCE_EVIDENCE_READONLY/review-session/FREEZE_REMEDIATION_V1/C04R/BALLOTS/RAW_SUPERSEDED_SYNTHETIC/BALLOT_CP-018_R04.json,499,457c70c9151cc540cb6f1cb47dd9759d71bdfa0d0ae57120ed8539777ed32d00,GOVERNANCE_EVIDENCE_IMMUTABLE,NORMALIZED
03_GOVERNANCE_EVIDENCE_READONLY/review-session/FREEZE_REMEDIATION_V1/C04R/BALLOTS/RAW_SUPERSEDED_SYNTHETIC/BALLOT_CP-018_R05.json,494,9d56d4706e11c6dba9883771154ae415f95e942859f54e87544821aa5269e22e,GOVERNANCE_EVIDENCE_IMMUTABLE,NORMALIZED
03_GOVERNANCE_EVIDENCE_READONLY/review-session/FREEZE_REMEDIATION_V1/C04R/BALLOTS/RAW_SUPERSEDED_SYNTHETIC/BALLOT_CP-018_R06.json,489,6cf1e658483fbd79a34f0fad5c57ca291ec0e1ce8462e976ff5c06df5c4b16a2,GOVERNANCE_EVIDENCE_IMMUTABLE,NORMALIZED
03_GOVERNANCE_EVIDENCE_READONLY/review-session/FREEZE_REMEDIATION_V1/C04R/BALLOTS/RAW_SUPERSEDED_SYNTHETIC/BALLOT_CP-019_R02.json,497,79a2d268504fdcf8da058cb5bb52007a4474436932122da3c76bfdf8b02c1504,GOVERNANCE_EVIDENCE_IMMUTABLE,NORMALIZED
03_GOVERNANCE_EVIDENCE_READONLY/review-session/FREEZE_REMEDIATION_V1/C04R/BALLOTS/RAW_SUPERSEDED_SYNTHETIC/BALLOT_CP-019_R04.json,529,16d0028ebdc7ef43e49a211aaf6e0ecfa2ca0c237a2da3d75de26678f5612d52,GOVERNANCE_EVIDENCE_IMMUTABLE,NORMALIZED
03_GOVERNANCE_EVIDENCE_READONLY/review-session/FREEZE_REMEDIATION_V1/C04R/BALLOTS/RAW_SUPERSEDED_SYNTHETIC/BALLOT_CP-019_R07.json,479,dae704a0d976e6a719e864b809d34c24d55c0eaee66ce0a4dd5981d523a7c1db,GOVERNANCE_EVIDENCE_IMMUTABLE,NORMALIZED
03_GOVERNANCE_EVIDENCE_READONLY/review-session/FREEZE_REMEDIATION_V1/C04R/BALLOTS/RAW_SUPERSEDED_SYNTHETIC/BALLOT_CP-020_R07.json,537,3a9f95e445efc51e067c8d4d8355cac5ae10b9589e214d6a0f8c1e1ea08ea354,GOVERNANCE_EVIDENCE_IMMUTABLE,NORMALIZED
03_GOVERNANCE_EVIDENCE_READONLY/review-session/FREEZE_REMEDIATION_V1/C04R/BALLOTS/RAW_SUPERSEDED_SYNTHETIC/BALLOT_CP-020_R14.json,510,904aef25898efad9cd004deb0ea3612711de3265114005a476c1eb48a9d86eb6,GOVERNANCE_EVIDENCE_IMMUTABLE,NORMALIZED
03_GOVERNANCE_EVIDENCE_READONLY/review-session/FREEZE_REMEDIATION_V1/C04R/BALLOTS/RAW_SUPERSEDED_SYNTHETIC/BALLOT_CP-020_R15.json,531,7732107aa6bb1d3a49523ec993cca4601ca1ec7be784d021c66e7296ea1c2b77,GOVERNANCE_EVIDENCE_IMMUTABLE,NORMALIZED
03_GOVERNANCE_EVIDENCE_READONLY/review-session/FREEZE_REMEDIATION_V1/C04R/BALLOTS/RAW_SUPERSEDED_SYNTHETIC/BALLOT_CP-021_R01.json,484,170c67bdbe1210de0a06fd56360fc328c77099644e21a54a0d552603312953e9,GOVERNANCE_EVIDENCE_IMMUTABLE,NORMALIZED
03_GOVERNANCE_EVIDENCE_READONLY/review-session/FREEZE_REMEDIATION_V1/C04R/BALLOTS/RAW_SUPERSEDED_SYNTHETIC/BALLOT_CP-021_R07.json,465,59a1d12056f7cbf442efe26f799935017ed28b92a6af7d875d2f6c14a515acac,GOVERNANCE_EVIDENCE_IMMUTABLE,NORMALIZED
03_GOVERNANCE_EVIDENCE_READONLY/review-session/FREEZE_REMEDIATION_V1/C04R/BALLOTS/RAW_SUPERSEDED_SYNTHETIC/BALLOT_CP-021_R10.json,540,52256b99a3b0070a88564b72eebee05bf386a197d6a0747bbd5131b6ab376922,GOVERNANCE_EVIDENCE_IMMUTABLE,NORMALIZED
03_GOVERNANCE_EVIDENCE_READONLY/review-session/FREEZE_REMEDIATION_V1/C04R/BALLOTS/RAW_SUPERSEDED_SYNTHETIC/BALLOT_CP-021_R11.json,462,473e531ed813ac96db8935367ce2a611c7e29b37e18a9f387db217f0d1d63681,GOVERNANCE_EVIDENCE_IMMUTABLE,NORMALIZED
03_GOVERNANCE_EVIDENCE_READONLY/review-session/FREEZE_REMEDIATION_V1/C04R/BALLOTS/RAW_SUPERSEDED_SYNTHETIC/BALLOT_CP-022_R04.json,511,cefa3edc7d4075f2f2b1567a9877de46afd65e96f769387f7916201d20743969,GOVERNANCE_EVIDENCE_IMMUTABLE,NORMALIZED
03_GOVERNANCE_EVIDENCE_READONLY/review-session/FREEZE_REMEDIATION_V1/C04R/BALLOTS/RAW_SUPERSEDED_SYNTHETIC/BALLOT_CP-022_R08.json,482,7d06772cf1fc2f6e1420c1d5e1f83d5ae375e2585547cc983d0de561e4d961ab,GOVERNANCE_EVIDENCE_IMMUTABLE,NORMALIZED
03_GOVERNANCE_EVIDENCE_READONLY/review-session/FREEZE_REMEDIATION_V1/C04R/BALLOTS/RAW_SUPERSEDED_SYNTHETIC/BALLOT_CP-022_R10.json,484,adf1c931b395322bd72390c8596b3e8a940b69ca0f953bbbe6c710e2ea985cf6,GOVERNANCE_EVIDENCE_IMMUTABLE,NORMALIZED
03_GOVERNANCE_EVIDENCE_READONLY/review-session/FREEZE_REMEDIATION_V1/C04R/BALLOTS/RAW_SUPERSEDED_SYNTHETIC/BALLOT_CP-023_Council Secretary.json,496,699b089674aa4b146868be68566006112163a35df1ade0124ee17c684da19894,GOVERNANCE_EVIDENCE_IMMUTABLE,NORMALIZED
03_GOVERNANCE_EVIDENCE_READONLY/review-session/FREEZE_REMEDIATION_V1/C04R/BALLOTS/RAW_SUPERSEDED_SYNTHETIC/BALLOT_CP-023_R10.json,530,088359d251e6089a9163426219da87bc3bf004042cd1b2c52070fe9c9c8acfcb,GOVERNANCE_EVIDENCE_IMMUTABLE,NORMALIZED
03_GOVERNANCE_EVIDENCE_READONLY/review-session/FREEZE_REMEDIATION_V1/C04R/BALLOTS/RAW_SUPERSEDED_SYNTHETIC/BALLOT_CP-023_R11.json,467,6f8dde4d3d2585e8a198e29d6b53e069c23d63698a60522f1cd127179e1e2248,GOVERNANCE_EVIDENCE_IMMUTABLE,NORMALIZED
03_GOVERNANCE_EVIDENCE_READONLY/review-session/FREEZE_REMEDIATION_V1/C04R/BALLOTS/RAW_SUPERSEDED_SYNTHETIC/BALLOT_CP-024_R08.json,510,5634d66bd41b4b364c9e92d80a3097dcaa858e454d6e0a05a8760dd32313d98a,GOVERNANCE_EVIDENCE_IMMUTABLE,NORMALIZED
03_GOVERNANCE_EVIDENCE_READONLY/review-session/FREEZE_REMEDIATION_V1/C04R/BALLOTS/RAW_SUPERSEDED_SYNTHETIC/BALLOT_CP-024_R11.json,512,0cf5e465104714983942800f0cf13810ca5ed61d6188dfc1074eeb1948f8924a,GOVERNANCE_EVIDENCE_IMMUTABLE,NORMALIZED
03_GOVERNANCE_EVIDENCE_READONLY/review-session/FREEZE_REMEDIATION_V1/C04R/BALLOTS/RAW_SUPERSEDED_SYNTHETIC/BALLOT_CP-024_R15.json,501,f91c6dc2fba552de302cfb8286009f8e1271399bc148e51d5494279f027e21c3,GOVERNANCE_EVIDENCE_IMMUTABLE,NORMALIZED
03_GOVERNANCE_EVIDENCE_READONLY/review-session/FREEZE_REMEDIATION_V1/C04R/BALLOTS/GENUINE_RAW/BALLOT_CP-001_R01.json,2286,d110046c7cd74f2484570872b622f8f1dbf6e6d50242db38ae756a78fc153d3c,GOVERNANCE_EVIDENCE_IMMUTABLE,NORMALIZED
03_GOVERNANCE_EVIDENCE_READONLY/review-session/FREEZE_REMEDIATION_V1/C04R/BALLOTS/GENUINE_RAW/BALLOT_CP-001_R02.json,1820,7b4fc3848e54ff057ffa643d45023a087d205a077441971b7dbd69a53538b305,GOVERNANCE_EVIDENCE_IMMUTABLE,NORMALIZED
03_GOVERNANCE_EVIDENCE_READONLY/review-session/FREEZE_REMEDIATION_V1/C04R/BALLOTS/GENUINE_RAW/BALLOT_CP-001_R04.json,2532,04ac007712940e5820d80a44e772c1f6c216c53b379409b2a304d4d6425c3256,GOVERNANCE_EVIDENCE_IMMUTABLE,NORMALIZED
03_GOVERNANCE_EVIDENCE_READONLY/review-session/FREEZE_REMEDIATION_V1/C04R/BALLOTS/GENUINE_RAW/BALLOT_CP-001_R05.json,2738,1b9cc9d8fb7b4786b129e07b06f7c8c3ffcde14c849c39cfa459cc8ee23fabfd,GOVERNANCE_EVIDENCE_IMMUTABLE,NORMALIZED
03_GOVERNANCE_EVIDENCE_READONLY/review-session/FREEZE_REMEDIATION_V1/C04R/BALLOTS/GENUINE_RAW/BALLOT_CP-001_R09.json,3173,ccba1e7e2d14f0d82c3306cd61c41d8d98719d23c9fe83f74614d7127e00c6c3,GOVERNANCE_EVIDENCE_IMMUTABLE,NORMALIZED
03_GOVERNANCE_EVIDENCE_READONLY/review-session/FREEZE_REMEDIATION_V1/C04R/BALLOTS/GENUINE_RAW/BALLOT_CP-002_R02.json,2073,790b87a21914e9e9f316645317b10cadd035490ecc4743f82cfa4e6dd496164c,GOVERNANCE_EVIDENCE_IMMUTABLE,NORMALIZED
03_GOVERNANCE_EVIDENCE_READONLY/review-session/FREEZE_REMEDIATION_V1/C04R/BALLOTS/GENUINE_RAW/BALLOT_CP-002_R03.json,2467,6209ad0e14d568cae43aede970c8914ff0accd32b2a72a8c65505bad44d945b8,GOVERNANCE_EVIDENCE_IMMUTABLE,NORMALIZED
03_GOVERNANCE_EVIDENCE_READONLY/review-session/FREEZE_REMEDIATION_V1/C04R/BALLOTS/GENUINE_RAW/BALLOT_CP-002_R04.json,2270,de9504c5d02bc09f7f73b6768eaaf98a85370955d55c8cf0f7b355b4d10c9596,GOVERNANCE_EVIDENCE_IMMUTABLE,NORMALIZED
03_GOVERNANCE_EVIDENCE_READONLY/review-session/FREEZE_REMEDIATION_V1/C04R/BALLOTS/GENUINE_RAW/BALLOT_CP-002_R13.json,2834,d2013302804d909da0b26d77455bb3e8db467c19a11fb89ddeb3bd3226f7ca78,GOVERNANCE_EVIDENCE_IMMUTABLE,NORMALIZED
03_GOVERNANCE_EVIDENCE_READONLY/review-session/FREEZE_REMEDIATION_V1/C04R/BALLOTS/GENUINE_RAW/BALLOT_CP-003_R02.json,1895,f39bfaa14c5b14502ae51d082a908a5bc48d875481b272ecec10503a177e7d8b,GOVERNANCE_EVIDENCE_IMMUTABLE,NORMALIZED
03_GOVERNANCE_EVIDENCE_READONLY/review-session/FREEZE_REMEDIATION_V1/C04R/BALLOTS/GENUINE_RAW/BALLOT_CP-003_R04.json,2330,fbad32246d5bdc86489ae11c29d47296465374c19fd0e2fcf618317096d79198,GOVERNANCE_EVIDENCE_IMMUTABLE,NORMALIZED
03_GOVERNANCE_EVIDENCE_READONLY/review-session/FREEZE_REMEDIATION_V1/C04R/BALLOTS/GENUINE_RAW/BALLOT_CP-003_R06.json,3003,73588478dd75aebd2f251fbc9150ded5acb5bef0cfab103487cc87179156ffad,GOVERNANCE_EVIDENCE_IMMUTABLE,NORMALIZED
03_GOVERNANCE_EVIDENCE_READONLY/review-session/FREEZE_REMEDIATION_V1/C04R/BALLOTS/GENUINE_RAW/BALLOT_CP-003_R08.json,1564,ecfa3312a4b20cef6ff94a78ef4ca2030a5551f2123ad075ef449b986f6bcbb5,GOVERNANCE_EVIDENCE_IMMUTABLE,NORMALIZED
03_GOVERNANCE_EVIDENCE_READONLY/review-session/FREEZE_REMEDIATION_V1/C04R/BALLOTS/GENUINE_RAW/BALLOT_CP-003_R10.json,2906,472d7345dd8f4374796f4f63af214ffe4aeedd91e200285bb38b15693f2f7aef,GOVERNANCE_EVIDENCE_IMMUTABLE,NORMALIZED
03_GOVERNANCE_EVIDENCE_READONLY/review-session/FREEZE_REMEDIATION_V1/C04R/BALLOTS/GENUINE_RAW/BALLOT_CP-004_R02.json,1957,a934cfd376ec03aabbbd963df610ce6beb346b81bff5541f9ca9e40c79563f14,GOVERNANCE_EVIDENCE_IMMUTABLE,NORMALIZED
03_GOVERNANCE_EVIDENCE_READONLY/review-session/FREEZE_REMEDIATION_V1/C04R/BALLOTS/GENUINE_RAW/BALLOT_CP-004_R04.json,2340,3771374c00b149715731751a180592f12b85bd784946e79d8333ab9954e2f248,GOVERNANCE_EVIDENCE_IMMUTABLE,NORMALIZED
03_GOVERNANCE_EVIDENCE_READONLY/review-session/FREEZE_REMEDIATION_V1/C04R/BALLOTS/GENUINE_RAW/BALLOT_CP-004_R07.json,2153,e1b09896c7f59c6101e681cd8a4ff154a28aca996ba6881988f6ff5465b3f5d5,GOVERNANCE_EVIDENCE_IMMUTABLE,NORMALIZED
03_GOVERNANCE_EVIDENCE_READONLY/review-session/FREEZE_REMEDIATION_V1/C04R/BALLOTS/GENUINE_RAW/BALLOT_CP-004_R09.json,2747,6886fdd7dfd90f0638a0140d8bf96e18a3aff67f1394f26add5778fb464f1e74,GOVERNANCE_EVIDENCE_IMMUTABLE,NORMALIZED
03_GOVERNANCE_EVIDENCE_READONLY/review-session/FREEZE_REMEDIATION_V1/C04R/BALLOTS/GENUINE_RAW/BALLOT_CP-005_R02.json,1553,148306b57b401fd3fc1571179b74a9e6a8ea880d0718f5d9aa9d1bf29b396332,GOVERNANCE_EVIDENCE_IMMUTABLE,NORMALIZED
03_GOVERNANCE_EVIDENCE_READONLY/review-session/FREEZE_REMEDIATION_V1/C04R/BALLOTS/GENUINE_RAW/BALLOT_CP-005_R04.json,1869,118827c7b027ee7001dcca3bb2a0fa5461769e0b6ef477c3110f65d51f46b36c,GOVERNANCE_EVIDENCE_IMMUTABLE,NORMALIZED
03_GOVERNANCE_EVIDENCE_READONLY/review-session/FREEZE_REMEDIATION_V1/C04R/BALLOTS/GENUINE_RAW/BALLOT_CP-005_R11.json,2306,84814b3ff4ada5dcf2026699822e8b41b338d160aec73fc5bc08935de47c034f,GOVERNANCE_EVIDENCE_IMMUTABLE,NORMALIZED
03_GOVERNANCE_EVIDENCE_READONLY/review-session/FREEZE_REMEDIATION_V1/C04R/BALLOTS/GENUINE_RAW/BALLOT_CP-005_R14.json,1635,b597a45698e2bec1005640a7bbc818829e68733e237768b82318a1399ede240e,GOVERNANCE_EVIDENCE_IMMUTABLE,NORMALIZED
03_GOVERNANCE_EVIDENCE_READONLY/review-session/FREEZE_REMEDIATION_V1/C04R/BALLOTS/GENUINE_RAW/BALLOT_CP-006_R02.json,1780,b828779e1551537d4296163fc5e2a9a47309a65c58508a0c38800c1670aa2481,GOVERNANCE_EVIDENCE_IMMUTABLE,NORMALIZED
03_GOVERNANCE_EVIDENCE_READONLY/review-session/FREEZE_REMEDIATION_V1/C04R/BALLOTS/GENUINE_RAW/BALLOT_CP-006_R06.json,2719,e3e856c68ccb728001beebb94c0cda8d098535d5064bb0f626b9795f0c93f4a0,GOVERNANCE_EVIDENCE_IMMUTABLE,NORMALIZED
03_GOVERNANCE_EVIDENCE_READONLY/review-session/FREEZE_REMEDIATION_V1/C04R/BALLOTS/GENUINE_RAW/BALLOT_CP-006_R11.json,2307,e755c887b32081eea35a664b9a725aaa5192da18615b2e62727168cfe6320bad,GOVERNANCE_EVIDENCE_IMMUTABLE,NORMALIZED
03_GOVERNANCE_EVIDENCE_READONLY/review-session/FREEZE_REMEDIATION_V1/C04R/BALLOTS/GENUINE_RAW/BALLOT_CP-006_R15.json,2055,99d2ed8e7d3ae5f9d6d00eacb3ec2254e1acd1d845d472c9bbd540fcb5bc6368,GOVERNANCE_EVIDENCE_IMMUTABLE,NORMALIZED
03_GOVERNANCE_EVIDENCE_READONLY/review-session/FREEZE_REMEDIATION_V1/C04R/BALLOTS/GENUINE_RAW/BALLOT_CP-007_R06.json,2574,8a048441f6fcc4eb7c1d40c8ace0fcd1c8cb7aabdbfc0aabf49922bde775d980,GOVERNANCE_EVIDENCE_IMMUTABLE,NORMALIZED
03_GOVERNANCE_EVIDENCE_READONLY/review-session/FREEZE_REMEDIATION_V1/C04R/BALLOTS/GENUINE_RAW/BALLOT_CP-007_R07.json,2253,efce46314a9d31d1d420ed88d5d267cc953f1763f4c935fbea0e3a4c57a4e7bd,GOVERNANCE_EVIDENCE_IMMUTABLE,NORMALIZED
03_GOVERNANCE_EVIDENCE_READONLY/review-session/FREEZE_REMEDIATION_V1/C04R/BALLOTS/GENUINE_RAW/BALLOT_CP-007_R14.json,1519,72729c18b0b4b17763bcafe67a02ec35a329259376d7767acb208af348f6581b,GOVERNANCE_EVIDENCE_IMMUTABLE,NORMALIZED
03_GOVERNANCE_EVIDENCE_READONLY/review-session/FREEZE_REMEDIATION_V1/C04R/BALLOTS/GENUINE_RAW/BALLOT_CP-007_R15.json,1788,d5f68b798ad6dabae230453ceafd77d8f55f08dc057b9eb242f38e504a1a14ef,GOVERNANCE_EVIDENCE_IMMUTABLE,NORMALIZED
03_GOVERNANCE_EVIDENCE_READONLY/review-session/FREEZE_REMEDIATION_V1/C04R/BALLOTS/GENUINE_RAW/BALLOT_CP-008_R02.json,1534,21e9f83cf2c57f2072f5bfbf7bb57c96a09c57434880187c9188636e5d95e5e8,GOVERNANCE_EVIDENCE_IMMUTABLE,NORMALIZED
03_GOVERNANCE_EVIDENCE_READONLY/review-session/FREEZE_REMEDIATION_V1/C04R/BALLOTS/GENUINE_RAW/BALLOT_CP-008_R03.json,2065,ff9469d890b6f12037c40548866b0894124e1d77aa1fd295473ac70a9fe2ac53,GOVERNANCE_EVIDENCE_IMMUTABLE,NORMALIZED
03_GOVERNANCE_EVIDENCE_READONLY/review-session/FREEZE_REMEDIATION_V1/C04R/BALLOTS/GENUINE_RAW/BALLOT_CP-008_R04.json,1794,9dc9ce6f66b4d2e1ab4a8f13c7c62d6e9e0252beeffd9ce05d3a286a4f998579,GOVERNANCE_EVIDENCE_IMMUTABLE,NORMALIZED
03_GOVERNANCE_EVIDENCE_READONLY/review-session/FREEZE_REMEDIATION_V1/C04R/BALLOTS/GENUINE_RAW/BALLOT_CP-008_R05.json,1832,6db37c607353dab936b063aaf31a87ad543791e50480f95df6fb5825f209b039,GOVERNANCE_EVIDENCE_IMMUTABLE,NORMALIZED
03_GOVERNANCE_EVIDENCE_READONLY/review-session/FREEZE_REMEDIATION_V1/C04R/BALLOTS/GENUINE_RAW/BALLOT_CP-009_R02.json,1505,224a827ac12ace292a9de2d7a0fe63221eb41cda98d1f6ccba6583105314db30,GOVERNANCE_EVIDENCE_IMMUTABLE,NORMALIZED
03_GOVERNANCE_EVIDENCE_READONLY/review-session/FREEZE_REMEDIATION_V1/C04R/BALLOTS/GENUINE_RAW/BALLOT_CP-009_R05.json,1793,82da3a7b783c752b60bc55387d92cede57938de0cb0d0ee7a9195cd96bd13ed9,GOVERNANCE_EVIDENCE_IMMUTABLE,NORMALIZED
03_GOVERNANCE_EVIDENCE_READONLY/review-session/FREEZE_REMEDIATION_V1/C04R/BALLOTS/GENUINE_RAW/BALLOT_CP-009_R14.json,1450,4c6a8c9f08088ba89049b548f78a89c31fba994190eb6a4eb1242c755661e9fd,GOVERNANCE_EVIDENCE_IMMUTABLE,NORMALIZED
03_GOVERNANCE_EVIDENCE_READONLY/review-session/FREEZE_REMEDIATION_V1/C04R/BALLOTS/GENUINE_RAW/BALLOT_CP-010_R01.json,2005,4f45dc7969969c4200eca620fe851f07d9849fc8e11a0988280082753797c261,GOVERNANCE_EVIDENCE_IMMUTABLE,NORMALIZED
03_GOVERNANCE_EVIDENCE_READONLY/review-session/FREEZE_REMEDIATION_V1/C04R/BALLOTS/GENUINE_RAW/BALLOT_CP-010_R10.json,2356,7e38c970c563cd1df8187c3dd1c854a8ce9c2009bfd5929a09e6b3fbdbff1eb1,GOVERNANCE_EVIDENCE_IMMUTABLE,NORMALIZED
03_GOVERNANCE_EVIDENCE_READONLY/review-session/FREEZE_REMEDIATION_V1/C04R/BALLOTS/GENUINE_RAW/BALLOT_CP-010_R11.json,2042,5db2063b6fc76b1b26a96f6b7acea5d33028af0d3b897a5d6f4e364af7a01dc4,GOVERNANCE_EVIDENCE_IMMUTABLE,NORMALIZED
03_GOVERNANCE_EVIDENCE_READONLY/review-session/FREEZE_REMEDIATION_V1/C04R/BALLOTS/GENUINE_RAW/BALLOT_CP-010_R15.json,1729,20aa210a37757c8dfaf8e27a3c88af9196371f78d65dfd3660d0b9ed70c687d8,GOVERNANCE_EVIDENCE_IMMUTABLE,NORMALIZED
03_GOVERNANCE_EVIDENCE_READONLY/review-session/FREEZE_REMEDIATION_V1/C04R/BALLOTS/GENUINE_RAW/BALLOT_CP-011_R01.json,1702,c3d94560027aa78ecc2a7855c091c08461e53100733651553854d8b591267deb,GOVERNANCE_EVIDENCE_IMMUTABLE,NORMALIZED
03_GOVERNANCE_EVIDENCE_READONLY/review-session/FREEZE_REMEDIATION_V1/C04R/BALLOTS/GENUINE_RAW/BALLOT_CP-011_R04.json,1547,dff209d44768a0840f1e35b6bc22310cca38d57c2aeffaeb4e94c219b5ba5b35,GOVERNANCE_EVIDENCE_IMMUTABLE,NORMALIZED
03_GOVERNANCE_EVIDENCE_READONLY/review-session/FREEZE_REMEDIATION_V1/C04R/BALLOTS/GENUINE_RAW/BALLOT_CP-011_R09.json,2851,38498bb5a4c29a3fc0bb24fd84c18079025100abefe79e0b74f172de2b99547f,GOVERNANCE_EVIDENCE_IMMUTABLE,NORMALIZED
03_GOVERNANCE_EVIDENCE_READONLY/review-session/FREEZE_REMEDIATION_V1/C04R/BALLOTS/GENUINE_RAW/BALLOT_CP-012_R01.json,1835,537ead36e91d0b6d0121068bff16c4a8c3f791371164a6339ecfb175a3cbf2d6,GOVERNANCE_EVIDENCE_IMMUTABLE,NORMALIZED
03_GOVERNANCE_EVIDENCE_READONLY/review-session/FREEZE_REMEDIATION_V1/C04R/BALLOTS/GENUINE_RAW/BALLOT_CP-012_R04.json,1503,b29ea8d4f80eb414d473d5f7edac4fb641f19da35626a8021cda07cbdc0d716e,GOVERNANCE_EVIDENCE_IMMUTABLE,NORMALIZED
03_GOVERNANCE_EVIDENCE_READONLY/review-session/FREEZE_REMEDIATION_V1/C04R/BALLOTS/GENUINE_RAW/BALLOT_CP-012_R09.json,2996,daf73b1ceb2d10f38f8e9f2f8591d265a7b0771d7cf75b4b6e169f8bacb09d76,GOVERNANCE_EVIDENCE_IMMUTABLE,NORMALIZED
03_GOVERNANCE_EVIDENCE_READONLY/review-session/FREEZE_REMEDIATION_V1/C04R/BALLOTS/GENUINE_RAW/BALLOT_CP-013_R02.json,1549,45292b594790c7cc85d292295597b07263260c9d7094bb1ed8a4b9a7a88789fd,GOVERNANCE_EVIDENCE_IMMUTABLE,NORMALIZED
03_GOVERNANCE_EVIDENCE_READONLY/review-session/FREEZE_REMEDIATION_V1/C04R/BALLOTS/GENUINE_RAW/BALLOT_CP-013_R08.json,1561,08cf0eecde1514c67bed7cae2375ab861340f0dc6a39b0be372d8411b9673446,GOVERNANCE_EVIDENCE_IMMUTABLE,NORMALIZED
03_GOVERNANCE_EVIDENCE_READONLY/review-session/FREEZE_REMEDIATION_V1/C04R/BALLOTS/GENUINE_RAW/BALLOT_CP-013_R14.json,1459,9d4ac93944afcbf5e8fec7f926187ee17e475681362c3d337d5aa7ba237fc8f8,GOVERNANCE_EVIDENCE_IMMUTABLE,NORMALIZED
03_GOVERNANCE_EVIDENCE_READONLY/review-session/FREEZE_REMEDIATION_V1/C04R/BALLOTS/GENUINE_RAW/BALLOT_CP-014_R02.json,1533,704df16daeb41550cbb8922e3e0d0001588bfa23d0a4387c2f1237c83b89f91a,GOVERNANCE_EVIDENCE_IMMUTABLE,NORMALIZED
03_GOVERNANCE_EVIDENCE_READONLY/review-session/FREEZE_REMEDIATION_V1/C04R/BALLOTS/GENUINE_RAW/BALLOT_CP-014_R08.json,1352,089772492ed3c492d05f142d792a9d3e370f8908a119d3983cfc272ff84c32fe,GOVERNANCE_EVIDENCE_IMMUTABLE,NORMALIZED
03_GOVERNANCE_EVIDENCE_READONLY/review-session/FREEZE_REMEDIATION_V1/C04R/BALLOTS/GENUINE_RAW/BALLOT_CP-014_R12.json,2856,1b1078eca1d98d80941eb5faa704eb2b6f25e7b7a966652032f2d802c334c9d5,GOVERNANCE_EVIDENCE_IMMUTABLE,NORMALIZED
03_GOVERNANCE_EVIDENCE_READONLY/review-session/FREEZE_REMEDIATION_V1/C04R/BALLOTS/GENUINE_RAW/BALLOT_CP-015_R08.json,1339,2f2a78b8d12e2a304655e375169651016d696b51403ec903a6536fd6861b9378,GOVERNANCE_EVIDENCE_IMMUTABLE,NORMALIZED
03_GOVERNANCE_EVIDENCE_READONLY/review-session/FREEZE_REMEDIATION_V1/C04R/BALLOTS/GENUINE_RAW/BALLOT_CP-015_R11.json,2221,38fcf63fcf435f6a12f12b1250d670cb0bab96f684e6e38e84e49ad841befa02,GOVERNANCE_EVIDENCE_IMMUTABLE,NORMALIZED
03_GOVERNANCE_EVIDENCE_READONLY/review-session/FREEZE_REMEDIATION_V1/C04R/BALLOTS/GENUINE_RAW/BALLOT_CP-015_R15.json,1564,3b866c4648a2b76a09f1fd7ad1c7e5d25a97298d20560543c575c52589c1556d,GOVERNANCE_EVIDENCE_IMMUTABLE,NORMALIZED
03_GOVERNANCE_EVIDENCE_READONLY/review-session/FREEZE_REMEDIATION_V1/C04R/BALLOTS/GENUINE_RAW/BALLOT_CP-016_R01.json,1957,84b7c85578605a92c93d1bd95d2ea847ad8e09b8c45ddcc8f17feba662a4aa97,GOVERNANCE_EVIDENCE_IMMUTABLE,NORMALIZED
03_GOVERNANCE_EVIDENCE_READONLY/review-session/FREEZE_REMEDIATION_V1/C04R/BALLOTS/GENUINE_RAW/BALLOT_CP-016_R04.json,1621,4c8bddcb80cdf85e7a324db0a3102168bf7ead084824fd650022894ba9adc242,GOVERNANCE_EVIDENCE_IMMUTABLE,NORMALIZED
03_GOVERNANCE_EVIDENCE_READONLY/review-session/FREEZE_REMEDIATION_V1/C04R/BALLOTS/GENUINE_RAW/BALLOT_CP-016_R05.json,1620,1cd220592180ba6229385f45dc41f80a102d76d5c4b58efbdd24a6744cd8acc6,GOVERNANCE_EVIDENCE_IMMUTABLE,NORMALIZED
03_GOVERNANCE_EVIDENCE_READONLY/review-session/FREEZE_REMEDIATION_V1/C04R/BALLOTS/GENUINE_RAW/BALLOT_CP-016_R06.json,2190,8646b2f0daca53ca03888f7edbe9bf56927b4eac4d3280b60e2082ac8a47e2f3,GOVERNANCE_EVIDENCE_IMMUTABLE,NORMALIZED
03_GOVERNANCE_EVIDENCE_READONLY/review-session/FREEZE_REMEDIATION_V1/C04R/BALLOTS/GENUINE_RAW/BALLOT_CP-017_R04.json,1698,d6b968fa9f54f66c71ebcdf523a44fc61ceb2fe1da83d97d4763fd38d033a5ce,GOVERNANCE_EVIDENCE_IMMUTABLE,NORMALIZED
03_GOVERNANCE_EVIDENCE_READONLY/review-session/FREEZE_REMEDIATION_V1/C04R/BALLOTS/GENUINE_RAW/BALLOT_CP-017_R07.json,1819,4c03e801a51f6c5c2f6c57c6ce041ceea2ce16d20e9348afd7dacf4cd20ed2ab,GOVERNANCE_EVIDENCE_IMMUTABLE,NORMALIZED
03_GOVERNANCE_EVIDENCE_READONLY/review-session/FREEZE_REMEDIATION_V1/C04R/BALLOTS/GENUINE_RAW/BALLOT_CP-018_R02.json,1667,cc3a150906c4143710ab3f65cc67bdf48465e7053e5724c7086e954341b8ebe4,GOVERNANCE_EVIDENCE_IMMUTABLE,NORMALIZED
03_GOVERNANCE_EVIDENCE_READONLY/review-session/FREEZE_REMEDIATION_V1/C04R/BALLOTS/GENUINE_RAW/BALLOT_CP-018_R04.json,1801,55891578b6cece02c1436a23f57108396551611c74056fa5425b9aa116097495,GOVERNANCE_EVIDENCE_IMMUTABLE,NORMALIZED
03_GOVERNANCE_EVIDENCE_READONLY/review-session/FREEZE_REMEDIATION_V1/C04R/BALLOTS/GENUINE_RAW/BALLOT_CP-018_R05.json,1671,8c7ae2fc687851a1409e0225d0cd336cdfea9b68fcf3695517b14cd499802cba,GOVERNANCE_EVIDENCE_IMMUTABLE,NORMALIZED
03_GOVERNANCE_EVIDENCE_READONLY/review-session/FREEZE_REMEDIATION_V1/C04R/BALLOTS/GENUINE_RAW/BALLOT_CP-018_R06.json,2596,1cd84486dc59fdc2b432598c3e558c9b2396a5380a8e1fa25a709f5da04b4327,GOVERNANCE_EVIDENCE_IMMUTABLE,NORMALIZED
03_GOVERNANCE_EVIDENCE_READONLY/review-session/FREEZE_REMEDIATION_V1/C04R/BALLOTS/GENUINE_RAW/BALLOT_CP-019_R02.json,1530,f23c9cd9cc0a310e901dae57f85ecc6e8b1e4aed74a697a2f5ca610e99b4f70f,GOVERNANCE_EVIDENCE_IMMUTABLE,NORMALIZED
03_GOVERNANCE_EVIDENCE_READONLY/review-session/FREEZE_REMEDIATION_V1/C04R/BALLOTS/GENUINE_RAW/BALLOT_CP-019_R04.json,1576,3da4d92caea351019631a8d0353eecf7d4ef1b9fb4c8b7d236498a17be628b9b,GOVERNANCE_EVIDENCE_IMMUTABLE,NORMALIZED
03_GOVERNANCE_EVIDENCE_READONLY/review-session/FREEZE_REMEDIATION_V1/C04R/BALLOTS/GENUINE_RAW/BALLOT_CP-019_R07.json,1710,8ef649997f4b41a7a432a1ed1d3cf64d54b2e2da2e5d03952ff0a1a761997a48,GOVERNANCE_EVIDENCE_IMMUTABLE,NORMALIZED
03_GOVERNANCE_EVIDENCE_READONLY/review-session/FREEZE_REMEDIATION_V1/C04R/BALLOTS/GENUINE_RAW/BALLOT_CP-020_R07.json,2022,ea14a65af74ebf8b88368eb753824004fd8602218ff292852aedfcd3a0b431bf,GOVERNANCE_EVIDENCE_IMMUTABLE,NORMALIZED
03_GOVERNANCE_EVIDENCE_READONLY/review-session/FREEZE_REMEDIATION_V1/C04R/BALLOTS/GENUINE_RAW/BALLOT_CP-020_R14.json,1459,6d4ccd7cde73b4fe7a6ba61d6db8ad751d9832186933c11e62698e1700653160,GOVERNANCE_EVIDENCE_IMMUTABLE,NORMALIZED
03_GOVERNANCE_EVIDENCE_READONLY/review-session/FREEZE_REMEDIATION_V1/C04R/BALLOTS/GENUINE_RAW/BALLOT_CP-020_R15.json,1533,c883d79486bbf2670403b7843938e7374b1edc8bdc290646a1a3451bd3446827,GOVERNANCE_EVIDENCE_IMMUTABLE,NORMALIZED
03_GOVERNANCE_EVIDENCE_READONLY/review-session/FREEZE_REMEDIATION_V1/C04R/BALLOTS/GENUINE_RAW/BALLOT_CP-021_R01.json,2029,645862fb7b51f14e665618471a4faf10df6f9942cbdb67761b04cd41bb726cde,GOVERNANCE_EVIDENCE_IMMUTABLE,NORMALIZED
03_GOVERNANCE_EVIDENCE_READONLY/review-session/FREEZE_REMEDIATION_V1/C04R/BALLOTS/GENUINE_RAW/BALLOT_CP-021_R07.json,1853,a9c2f20ec98686c0ec50ed396d819421159e0a737bd652114482ca9b9954a47c,GOVERNANCE_EVIDENCE_IMMUTABLE,NORMALIZED
03_GOVERNANCE_EVIDENCE_READONLY/review-session/FREEZE_REMEDIATION_V1/C04R/BALLOTS/GENUINE_RAW/BALLOT_CP-021_R10.json,2479,29aebf6e0c753d0ebcf64e6d7ac2ac836f790d4f02913f1af2e3002eecf0cc7a,GOVERNANCE_EVIDENCE_IMMUTABLE,NORMALIZED
03_GOVERNANCE_EVIDENCE_READONLY/review-session/FREEZE_REMEDIATION_V1/C04R/BALLOTS/GENUINE_RAW/BALLOT_CP-021_R11.json,1839,f5319afe9a167b0577305a3498b328c35db57695c8471dcd776f9d565bd2fe56,GOVERNANCE_EVIDENCE_IMMUTABLE,NORMALIZED
03_GOVERNANCE_EVIDENCE_READONLY/review-session/FREEZE_REMEDIATION_V1/C04R/BALLOTS/GENUINE_RAW/BALLOT_CP-022_R04.json,1695,7952c25482292c63bc2217c3fe0b12220f22a6ae30a6b6b004b299e6e29042dd,GOVERNANCE_EVIDENCE_IMMUTABLE,NORMALIZED
03_GOVERNANCE_EVIDENCE_READONLY/review-session/FREEZE_REMEDIATION_V1/C04R/BALLOTS/GENUINE_RAW/BALLOT_CP-022_R08.json,1269,c27a2126af84ae9193dbafd78024c9438c23f550b40e9efb2650035337e57a7d,GOVERNANCE_EVIDENCE_IMMUTABLE,NORMALIZED
03_GOVERNANCE_EVIDENCE_READONLY/review-session/FREEZE_REMEDIATION_V1/C04R/BALLOTS/GENUINE_RAW/BALLOT_CP-022_R10.json,2289,bf853cbbfde0820d228f2c0f2775d25b77378d5783a5efb160d01169a517ceae,GOVERNANCE_EVIDENCE_IMMUTABLE,NORMALIZED
03_GOVERNANCE_EVIDENCE_READONLY/review-session/FREEZE_REMEDIATION_V1/C04R/BALLOTS/GENUINE_RAW/BALLOT_CP-023_R10.json,2180,c527977dd880695a3922d31141335c5ba501cd503289e95b7080eaadf54caa12,GOVERNANCE_EVIDENCE_IMMUTABLE,NORMALIZED
03_GOVERNANCE_EVIDENCE_READONLY/review-session/FREEZE_REMEDIATION_V1/C04R/BALLOTS/GENUINE_RAW/BALLOT_CP-023_R11.json,1910,e555ea076e4b7c91e60686dc778954d55eb5d0a552abd4b99891656f828cd3d2,GOVERNANCE_EVIDENCE_IMMUTABLE,NORMALIZED
03_GOVERNANCE_EVIDENCE_READONLY/review-session/FREEZE_REMEDIATION_V1/C04R/BALLOTS/GENUINE_RAW/BALLOT_CP-024_R08.json,1272,c1688d6625aef35cf7286e891ba91efc163845255a1883c704341f9add234b44,GOVERNANCE_EVIDENCE_IMMUTABLE,NORMALIZED
03_GOVERNANCE_EVIDENCE_READONLY/review-session/FREEZE_REMEDIATION_V1/C04R/BALLOTS/GENUINE_RAW/BALLOT_CP-024_R11.json,1988,937cc87c2c6c8a46c5baf3d9b285ecaa47b353881280a94d7e01a775925b88ea,GOVERNANCE_EVIDENCE_IMMUTABLE,NORMALIZED
03_GOVERNANCE_EVIDENCE_READONLY/review-session/FREEZE_REMEDIATION_V1/C04R/BALLOTS/GENUINE_RAW/BALLOT_CP-024_R15.json,1524,e936ed40b464274aba9669d43dc50d21cb00e5eef3667deb50e95c292a5df939,GOVERNANCE_EVIDENCE_IMMUTABLE,NORMALIZED
03_GOVERNANCE_EVIDENCE_READONLY/review-session/FREEZE_REMEDIATION_V1/C02R_GENUINE_RAW/CLUSTER_01_CHALLENGER_R15.md,19931,2d13594af5e03dd0f74135982570ac603769cfec613433f961e33e61dc5d0f35,GOVERNANCE_EVIDENCE_IMMUTABLE,NORMALIZED
03_GOVERNANCE_EVIDENCE_READONLY/review-session/FREEZE_REMEDIATION_V1/C02R_GENUINE_RAW/CLUSTER_01_DOMAIN_OWNER_R05.md,27773,6a86d489dd065c0815ef6025f789a41afff9c8e58b8c6a66e6a666bba48f99ce,GOVERNANCE_EVIDENCE_IMMUTABLE,NORMALIZED
03_GOVERNANCE_EVIDENCE_READONLY/review-session/FREEZE_REMEDIATION_V1/C02R_GENUINE_RAW/CLUSTER_01_PROPONENT_R01.md,26423,7a8f160d22d2b1e85f6611cac54360f4e9bc6521a32b54f34f59aa136e2bbd5d,GOVERNANCE_EVIDENCE_IMMUTABLE,NORMALIZED
03_GOVERNANCE_EVIDENCE_READONLY/review-session/FREEZE_REMEDIATION_V1/C02R_GENUINE_RAW/CLUSTER_02_CHALLENGER_R03.md,18275,33c534dcd9c1833000d72c8496013f6604f110e766af6e5b959c09303f53c4f9,GOVERNANCE_EVIDENCE_IMMUTABLE,NORMALIZED
03_GOVERNANCE_EVIDENCE_READONLY/review-session/FREEZE_REMEDIATION_V1/C02R_GENUINE_RAW/CLUSTER_02_DOMAIN_OWNER_R02.md,38499,e561d291692a9d12dcf51b75351d3161abbd6f6b3495bdc338eded3c7638fbdb,GOVERNANCE_EVIDENCE_IMMUTABLE,NORMALIZED
03_GOVERNANCE_EVIDENCE_READONLY/review-session/FREEZE_REMEDIATION_V1/C02R_GENUINE_RAW/CLUSTER_02_PROPONENT_R02.md,24466,6a5d9ffc7227380a8200d20a982891179bd7d76c766104592a124b4ecfea67bf,GOVERNANCE_EVIDENCE_IMMUTABLE,NORMALIZED
03_GOVERNANCE_EVIDENCE_READONLY/review-session/FREEZE_REMEDIATION_V1/C02R_GENUINE_RAW/CLUSTER_03_CHALLENGER_R04.md,14173,dba85d519ab61cc38801229d0a7b91aae7a4604ff3fb254d7606d1707cb2b95a,GOVERNANCE_EVIDENCE_IMMUTABLE,NORMALIZED
03_GOVERNANCE_EVIDENCE_READONLY/review-session/FREEZE_REMEDIATION_V1/C02R_GENUINE_RAW/CLUSTER_03_DOMAIN_OWNER_R06.md,35386,6d8020e1f1f9896064bf1068cbad57875c03b286e6b98660938f8604735d6576,GOVERNANCE_EVIDENCE_IMMUTABLE,NORMALIZED
03_GOVERNANCE_EVIDENCE_READONLY/review-session/FREEZE_REMEDIATION_V1/C02R_GENUINE_RAW/CLUSTER_03_PROPONENT_R06.md,22902,ed059aec8960b23c9da9066dcea3aa8e094b1bb36b74880a2baaad0cbed1f0f1,GOVERNANCE_EVIDENCE_IMMUTABLE,NORMALIZED
03_GOVERNANCE_EVIDENCE_READONLY/review-session/FREEZE_REMEDIATION_V1/C02R_GENUINE_RAW/CLUSTER_04_CHALLENGER_R02.md,19228,92fc265ccc4116dbad266ff822d774304c446c564f4272b097c090dcd260403c,GOVERNANCE_EVIDENCE_IMMUTABLE,NORMALIZED
03_GOVERNANCE_EVIDENCE_READONLY/review-session/FREEZE_REMEDIATION_V1/C02R_GENUINE_RAW/CLUSTER_04_DOMAIN_OWNER_R04.md,29866,4e564c88aa16d597a3f954aadc2b7fb25c9dcdcaacb567608520d846b10758ca,GOVERNANCE_EVIDENCE_IMMUTABLE,NORMALIZED
03_GOVERNANCE_EVIDENCE_READONLY/review-session/FREEZE_REMEDIATION_V1/C02R_GENUINE_RAW/CLUSTER_04_PROPONENT_R04.md,27273,94f62a871b1bb52dc635501259e334cfb8bf0629cbd25fea8d83e929675a610f,GOVERNANCE_EVIDENCE_IMMUTABLE,NORMALIZED
03_GOVERNANCE_EVIDENCE_READONLY/review-session/FREEZE_REMEDIATION_V1/C02R_GENUINE_RAW/CLUSTER_05_CHALLENGER_R14.md,20368,d0c0296a87deca74fa148bab5d8c9a2e5735cd4383e62d73e95cdb9852859e16,GOVERNANCE_EVIDENCE_IMMUTABLE,NORMALIZED
03_GOVERNANCE_EVIDENCE_READONLY/review-session/FREEZE_REMEDIATION_V1/C02R_GENUINE_RAW/CLUSTER_05_DOMAIN_OWNER_R11.md,16310,1fa632d44952cf1d5d62161098c261d762d85c88b4dc1518262eddb105ab184a,GOVERNANCE_EVIDENCE_IMMUTABLE,NORMALIZED
03_GOVERNANCE_EVIDENCE_READONLY/review-session/FREEZE_REMEDIATION_V1/C02R_GENUINE_RAW/CLUSTER_05_PROPONENT_R11.md,25445,0c45e868d6ff4038267e2a90be94cbb2791abe45b0f6fe05fab01fdfae9ab564,GOVERNANCE_EVIDENCE_IMMUTABLE,NORMALIZED
03_GOVERNANCE_EVIDENCE_READONLY/review-session/FREEZE_REMEDIATION_V1/C02R_GENUINE_RAW/CLUSTER_06_CHALLENGER_R15.md,16398,29b53f7ad7c18cdaaf8f3f5e1540635b5db67e7e012873f47c24798b5df79660,GOVERNANCE_EVIDENCE_IMMUTABLE,NORMALIZED
03_GOVERNANCE_EVIDENCE_READONLY/review-session/FREEZE_REMEDIATION_V1/C02R_GENUINE_RAW/CLUSTER_06_DOMAIN_OWNER_R07.md,37882,752f0cba653c8dddff675cfdaa8d1056cad78f300f128b3992e1e68fdfff2c1c,GOVERNANCE_EVIDENCE_IMMUTABLE,NORMALIZED
03_GOVERNANCE_EVIDENCE_READONLY/review-session/FREEZE_REMEDIATION_V1/C02R_GENUINE_RAW/CLUSTER_06_PROPONENT_R07.md,21432,34af6c977af4e90b7fd71fb22da76234494d849b57208cd150afcd22e21f3020,GOVERNANCE_EVIDENCE_IMMUTABLE,NORMALIZED
03_GOVERNANCE_EVIDENCE_READONLY/review-session/FREEZE_REMEDIATION_V1/C02R_GENUINE_RAW/CLUSTER_07_CHALLENGER_R02.md,25798,7d80f9651772a60471e0f427e2585806764d64329e67c5a2635270ffea6e8703,GOVERNANCE_EVIDENCE_IMMUTABLE,NORMALIZED
03_GOVERNANCE_EVIDENCE_READONLY/review-session/FREEZE_REMEDIATION_V1/C02R_GENUINE_RAW/CLUSTER_07_DOMAIN_OWNER_R06.md,29503,08ea2da09dbf7e9acb2b91fcdc360b592d2469a7dd74d1cf666c13b9167a4ca8,GOVERNANCE_EVIDENCE_IMMUTABLE,NORMALIZED
03_GOVERNANCE_EVIDENCE_READONLY/review-session/FREEZE_REMEDIATION_V1/C02R_GENUINE_RAW/CLUSTER_07_PROPONENT_R06.md,18501,68a9c6d8b707f4ee170cbfb5f0f1935557d301b671f504c66b29f409ace3f686,GOVERNANCE_EVIDENCE_IMMUTABLE,NORMALIZED
03_GOVERNANCE_EVIDENCE_READONLY/review-session/FREEZE_REMEDIATION_V1/C02R_GENUINE_RAW/CLUSTER_08_CHALLENGER_R10.md,24145,db90e3df7848ca2a3112b28bfb8526c3ece1eafea58213ec715004538110c92a,GOVERNANCE_EVIDENCE_IMMUTABLE,NORMALIZED
03_GOVERNANCE_EVIDENCE_READONLY/review-session/FREEZE_REMEDIATION_V1/C02R_GENUINE_RAW/CLUSTER_08_DOMAIN_OWNER_R11.md,23988,080e30cb739daaee07774d17f04d529ce6c424bfb2550656b34968a58da1454c,GOVERNANCE_EVIDENCE_IMMUTABLE,NORMALIZED
03_GOVERNANCE_EVIDENCE_READONLY/review-session/FREEZE_REMEDIATION_V1/C02R_GENUINE_RAW/CLUSTER_08_PROPONENT_R01.md,36606,ab28bd6c5bf4950bf6c5fad044bf5c29a5e88381b15e1304f0c436445dfbfc50,GOVERNANCE_EVIDENCE_IMMUTABLE,NORMALIZED
03_GOVERNANCE_EVIDENCE_READONLY/review-session/FREEZE_REMEDIATION_V1/C02R_GENUINE_RAW/CLUSTER_09_CHALLENGER_R10.md,26750,87cfbfd2dd50b93509ed4c8bf35e4a91dacefa3eb661781f6fc6d2052e8fdbeb,GOVERNANCE_EVIDENCE_IMMUTABLE,NORMALIZED
03_GOVERNANCE_EVIDENCE_READONLY/review-session/FREEZE_REMEDIATION_V1/C02R_GENUINE_RAW/CLUSTER_09_DOMAIN_OWNER_R11.md,33700,924a946514a6aa9d261f12721049d7a56db8127cafe5d5a6ecc690a738181073,GOVERNANCE_EVIDENCE_IMMUTABLE,NORMALIZED
03_GOVERNANCE_EVIDENCE_READONLY/review-session/FREEZE_REMEDIATION_V1/C02R_GENUINE_RAW/CLUSTER_09_PROPONENT_R01.md,37023,72124d8fffca9ec53d29f977e307d1c9dde90f8269c83e852b5ab32e3b7ea36c,GOVERNANCE_EVIDENCE_IMMUTABLE,NORMALIZED
03_GOVERNANCE_EVIDENCE_READONLY/review-session/FREEZE_REMEDIATION_V1/C02R_GENUINE_RAW/CLUSTER_09_PROPONENT_RESPONSE_R01.md,39348,9eb78cf09e6cae95a39254452f42ef54da55568c247976dd8068e1974ac4f1b0,GOVERNANCE_EVIDENCE_IMMUTABLE,NORMALIZED
03_GOVERNANCE_EVIDENCE_READONLY/review-session/FREEZE_REMEDIATION_V1/C02R_GENUINE_RAW/CLUSTER_10_CHALLENGER_R09.md,28937,83762457304e52fe2f9f24a7ded033715d762701daa259528e7302ed29338747,GOVERNANCE_EVIDENCE_IMMUTABLE,NORMALIZED
03_GOVERNANCE_EVIDENCE_READONLY/review-session/FREEZE_REMEDIATION_V1/C02R_GENUINE_RAW/CLUSTER_10_DOMAIN_OWNER_R05.md,32461,64d025f6a854854b015b194ca467dbf0f3fbea91c5a9c543a30ad8300ddafd07,GOVERNANCE_EVIDENCE_IMMUTABLE,NORMALIZED
03_GOVERNANCE_EVIDENCE_READONLY/review-session/FREEZE_REMEDIATION_V1/C02R_GENUINE_RAW/CLUSTER_10_PROPONENT_R05.md,44207,b8b6ef9eff7824a4f6b83536032ebd3f7f03561e6e153925d3ec5aa2445b4d96,GOVERNANCE_EVIDENCE_IMMUTABLE,NORMALIZED
03_GOVERNANCE_EVIDENCE_READONLY/review-session/FREEZE_REMEDIATION_V1/C02R_GENUINE_RAW/CLUSTER_10_PROPONENT_RESPONSE_R05.md,30731,2984d5f75fac4a9fa1abeef55c8fdef28ae5040933e3b8b986c165f751a36d2e,GOVERNANCE_EVIDENCE_IMMUTABLE,NORMALIZED
03_GOVERNANCE_EVIDENCE_READONLY/review-session/FREEZE_REMEDIATION_V1/C02R_GENUINE_RAW/CLUSTER_11_CHALLENGER_R12.md,27055,7409a2dfe28e43f94058d2835f2805be91c5883834def7f578e10c08329de5d7,GOVERNANCE_EVIDENCE_IMMUTABLE,NORMALIZED
03_GOVERNANCE_EVIDENCE_READONLY/review-session/FREEZE_REMEDIATION_V1/C02R_GENUINE_RAW/CLUSTER_11_DOMAIN_OWNER_R08.md,40304,8b507fb191a7c446e8ed40427a2a3d2e82fab470a3625c502f3315075e483ff6,GOVERNANCE_EVIDENCE_IMMUTABLE,NORMALIZED
03_GOVERNANCE_EVIDENCE_READONLY/review-session/FREEZE_REMEDIATION_V1/C02R_GENUINE_RAW/CLUSTER_11_PROPONENT_R08.md,33768,cd72c345985598dc1c156a69a17025e21f510f0176399e34f553546857133f20,GOVERNANCE_EVIDENCE_IMMUTABLE,NORMALIZED
03_GOVERNANCE_EVIDENCE_READONLY/review-session/FREEZE_REMEDIATION_V1/C02R_GENUINE_RAW/CLUSTER_11_PROPONENT_RESPONSE_R08.md,34619,a82f0f19199574a8e634cf099923cfe969cc907156f714989cea33f4ed95c294,GOVERNANCE_EVIDENCE_IMMUTABLE,NORMALIZED
03_GOVERNANCE_EVIDENCE_READONLY/review-session/FREEZE_REMEDIATION_V1/C02R_GENUINE_RAW/CLUSTER_12_CHALLENGER_R15.md,24702,6c68cc03c7ddc308383053c3e700108a61e2bf19d00699d540ef7cba93b334f1,GOVERNANCE_EVIDENCE_IMMUTABLE,NORMALIZED
03_GOVERNANCE_EVIDENCE_READONLY/review-session/FREEZE_REMEDIATION_V1/C02R_GENUINE_RAW/CLUSTER_12_DOMAIN_OWNER_R11.md,24221,0c19512dcaff98ca00fcbd183ccd2836c97f99cf2b7e66a60ac868cb00fde4f3,GOVERNANCE_EVIDENCE_IMMUTABLE,NORMALIZED
03_GOVERNANCE_EVIDENCE_READONLY/review-session/FREEZE_REMEDIATION_V1/C02R_GENUINE_RAW/CLUSTER_12_PROPONENT_R11.md,36319,885abb388dcf0699de52ebf228df04d52a454d98668a8ec4b82607b9e97520ce,GOVERNANCE_EVIDENCE_IMMUTABLE,NORMALIZED
03_GOVERNANCE_EVIDENCE_READONLY/review-session/FREEZE_REMEDIATION_V1/C02R_GENUINE_RAW/CLUSTER_12_PROPONENT_RESPONSE_R11.md,39134,746a720a1e5a9044e85a93cd8f9233f7ea75006d6bb6c5b3ef742b286ef0d8bb,GOVERNANCE_EVIDENCE_IMMUTABLE,NORMALIZED
03_GOVERNANCE_EVIDENCE_READONLY/review-session/FREEZE_REMEDIATION_V1/REVISED_SPEC_CANDIDATE/COMMITTEE_REVIEW_EDITION.md,181,70acfd5463b738c3f7187ae24012b5fabd59bb8b40d9f360112ebe11dbe64277,GOVERNANCE_EVIDENCE_IMMUTABLE,NORMALIZED
03_GOVERNANCE_EVIDENCE_READONLY/review-session/FREEZE_REMEDIATION_V1/REVISED_SPEC_CANDIDATE/KIT_MANIFEST.yaml,8566,9fd2e4b8aa5389a341b5a373598d29c9788f2058210e269d533566af8ec53e29,GOVERNANCE_EVIDENCE_IMMUTABLE,NORMALIZED
03_GOVERNANCE_EVIDENCE_READONLY/review-session/FREEZE_REMEDIATION_V1/REVISED_SPEC_CANDIDATE/README.md,1181,534e1c0559b7977f2f1271231faa9f0f89a7adee29929659b0a87717e4cd03c2,GOVERNANCE_EVIDENCE_IMMUTABLE,NORMALIZED
03_GOVERNANCE_EVIDENCE_READONLY/review-session/FREEZE_REMEDIATION_V1/REVISED_SPEC_CANDIDATE/VERSION,6,59854984853104df5c353e2f681a15fc7924742f9a2e468c29af248dce45ce03,GOVERNANCE_EVIDENCE_IMMUTABLE,NORMALIZED
03_GOVERNANCE_EVIDENCE_READONLY/review-session/FREEZE_REMEDIATION_V1/REVISED_SPEC_CANDIDATE/verify_package.py,1471,694f482f09fa0be78d7b5abc1f2fb6d2f9c19b040e6f76ab30ed077fc87c9c43,GOVERNANCE_EVIDENCE_IMMUTABLE,NORMALIZED
03_GOVERNANCE_EVIDENCE_READONLY/review-session/FREEZE_REMEDIATION_V1/REVISED_SPEC_CANDIDATE/04_integration/COMMAND_EVENT_CATALOG.md,1947,e455f75910a4ab00b6beb7cea9341ccfd1039658e87ebbf1cb0bcd9b090c1742,GOVERNANCE_EVIDENCE_IMMUTABLE,NORMALIZED
03_GOVERNANCE_EVIDENCE_READONLY/review-session/FREEZE_REMEDIATION_V1/REVISED_SPEC_CANDIDATE/04_integration/DEPENDENCY_GRAPH.md,2162,8298b0d617ff085a869b1ee8bd91ba14b47c22419bf3ecbd4e9c2985271e5c8b,GOVERNANCE_EVIDENCE_IMMUTABLE,NORMALIZED
03_GOVERNANCE_EVIDENCE_READONLY/review-session/FREEZE_REMEDIATION_V1/REVISED_SPEC_CANDIDATE/04_integration/E2E_INTEGRATION_PROTOCOL.md,1633,516be120e98bae406fd9986e71f0907a74460ed97d67fbb97008872d729c5d58,GOVERNANCE_EVIDENCE_IMMUTABLE,NORMALIZED
03_GOVERNANCE_EVIDENCE_READONLY/review-session/FREEZE_REMEDIATION_V1/REVISED_SPEC_CANDIDATE/04_integration/FREEZE_CHECKLIST.md,1352,d164ab6899c8e3d5f691c6b394cc2430cf67c93709d0d14bb497a8b94f49d279,GOVERNANCE_EVIDENCE_IMMUTABLE,NORMALIZED
03_GOVERNANCE_EVIDENCE_READONLY/review-session/FREEZE_REMEDIATION_V1/REVISED_SPEC_CANDIDATE/04_integration/LOCAL_DEVELOPMENT.md,762,23a5ecd08d658e55487b984a796ac6a9b8d19d32a6c80b4804c757399287396f,GOVERNANCE_EVIDENCE_IMMUTABLE,NORMALIZED
03_GOVERNANCE_EVIDENCE_READONLY/review-session/FREEZE_REMEDIATION_V1/REVISED_SPEC_CANDIDATE/04_integration/SECURITY_MODEL.md,1010,d94831e47edaae84e0c561b23b731b68e532c3d0bb926bdd73143d323b476216,GOVERNANCE_EVIDENCE_IMMUTABLE,NORMALIZED
03_GOVERNANCE_EVIDENCE_READONLY/review-session/FREEZE_REMEDIATION_V1/REVISED_SPEC_CANDIDATE/04_integration/TEST_STRATEGY.md,2044,5c4b8b36ae1eff268d60cc9dccbb1d1bf731d3bd4e0dae2484ee4366d350bb38,GOVERNANCE_EVIDENCE_IMMUTABLE,NORMALIZED
03_GOVERNANCE_EVIDENCE_READONLY/review-session/FREEZE_REMEDIATION_V1/REVISED_SPEC_CANDIDATE/06_adrs/ADR-001_MODULAR_POLYREPO.md,696,ec0fe94c5ffb0d17decb90c9a28ada33193eaf7361ca7e389973c59f549818b7,GOVERNANCE_EVIDENCE_IMMUTABLE,NORMALIZED
03_GOVERNANCE_EVIDENCE_READONLY/review-session/FREEZE_REMEDIATION_V1/REVISED_SPEC_CANDIDATE/06_adrs/ADR-002_CANONICAL_STATE.md,553,63407d8503675a5487738260d54e586ce5146acd6fd6249951f02c0434176bd0,GOVERNANCE_EVIDENCE_IMMUTABLE,NORMALIZED
03_GOVERNANCE_EVIDENCE_READONLY/review-session/FREEZE_REMEDIATION_V1/REVISED_SPEC_CANDIDATE/06_adrs/ADR-003_PROVIDER_ABSTRACTION.md,546,5aefe949b3496d96466645000d07c185181a3fe99c17849fc15344f1fb376db7,GOVERNANCE_EVIDENCE_IMMUTABLE,NORMALIZED
03_GOVERNANCE_EVIDENCE_READONLY/review-session/FREEZE_REMEDIATION_V1/REVISED_SPEC_CANDIDATE/06_adrs/ADR-004_DUAL_FLOW_EXECUTION.md,592,9b8434cd7470d415f78b073602e69e3c51ef1ecc0d900a0889a6e44b84c3c8a0,GOVERNANCE_EVIDENCE_IMMUTABLE,NORMALIZED
03_GOVERNANCE_EVIDENCE_READONLY/review-session/FREEZE_REMEDIATION_V1/REVISED_SPEC_CANDIDATE/06_adrs/ADR-005_LLM_STATE_MUTATION.md,532,65bde761654cefca16236329cc0e436f073c1611d02f548104ee766fbd4d4525,GOVERNANCE_EVIDENCE_IMMUTABLE,NORMALIZED
03_GOVERNANCE_EVIDENCE_READONLY/review-session/FREEZE_REMEDIATION_V1/REVISED_SPEC_CANDIDATE/06_adrs/ADR-006_RETRY_POLICY.md,508,5e48a93e699eb58c4911b78d67ab5b56c24b76bee69e6e6edba5521b43feb489,GOVERNANCE_EVIDENCE_IMMUTABLE,NORMALIZED
03_GOVERNANCE_EVIDENCE_READONLY/review-session/FREEZE_REMEDIATION_V1/REVISED_SPEC_CANDIDATE/06_adrs/ADR-007_BROWSER_SECURITY.md,541,e25b437db993f1cbfeaac686fc38ba21e2d4316dcedbd7945eb1520bf2593d06,GOVERNANCE_EVIDENCE_IMMUTABLE,NORMALIZED
03_GOVERNANCE_EVIDENCE_READONLY/review-session/FREEZE_REMEDIATION_V1/REVISED_SPEC_CANDIDATE/06_adrs/ADR-008_WORKFLOW_ENGINE.md,579,6e33e8b66988dac4a13cab34e71c96767f70dbfc1939cf42b65866585f2cdea4,GOVERNANCE_EVIDENCE_IMMUTABLE,NORMALIZED
03_GOVERNANCE_EVIDENCE_READONLY/review-session/FREEZE_REMEDIATION_V1/REVISED_SPEC_CANDIDATE/05_phases/BUILD_ORDER.md,1532,3abb8c7c4be9dcb698771da8ec8a3b919685ed9c77d10a5ea338691f5b8fe813,GOVERNANCE_EVIDENCE_IMMUTABLE,NORMALIZED
03_GOVERNANCE_EVIDENCE_READONLY/review-session/FREEZE_REMEDIATION_V1/REVISED_SPEC_CANDIDATE/05_phases/PHASE_0_BENCHMARK.md,2129,8ebe179dd9744e70034d86bb3d20a7211fb75af8d8e2fc313b4729e34f563b6e,GOVERNANCE_EVIDENCE_IMMUTABLE,NORMALIZED
03_GOVERNANCE_EVIDENCE_READONLY/review-session/FREEZE_REMEDIATION_V1/REVISED_SPEC_CANDIDATE/05_phases/PHASE_ROADMAP.md,1837,95e81269b851c0142babf8230cbd2c28ed6f8a47de9b19a9a785a482cda02904,GOVERNANCE_EVIDENCE_IMMUTABLE,NORMALIZED
03_GOVERNANCE_EVIDENCE_READONLY/review-session/FREEZE_REMEDIATION_V1/REVISED_SPEC_CANDIDATE/08_evidence/REQUIREMENT_TRACEABILITY.md,1680,86b8d9bca722ff7ca377dad235bedad5ffa5d98a53880ff1cb83a02a7614146c,GOVERNANCE_EVIDENCE_IMMUTABLE,NORMALIZED
03_GOVERNANCE_EVIDENCE_READONLY/review-session/FREEZE_REMEDIATION_V1/REVISED_SPEC_CANDIDATE/08_evidence/SOURCE_LEDGER.md,3413,cd791ac8e2ce129cf6abb0f0467382ac9596b20db7cf42ccbd1d9f8f8dc1262f,GOVERNANCE_EVIDENCE_IMMUTABLE,NORMALIZED
03_GOVERNANCE_EVIDENCE_READONLY/review-session/FREEZE_REMEDIATION_V1/REVISED_SPEC_CANDIDATE/01_master/DATA_MODEL.md,4068,817509f0b8130409edbbcb5b2879eddff81802f42297eb51f0dd20c28eace1cd,GOVERNANCE_EVIDENCE_IMMUTABLE,NORMALIZED
03_GOVERNANCE_EVIDENCE_READONLY/review-session/FREEZE_REMEDIATION_V1/REVISED_SPEC_CANDIDATE/01_master/MASTER_BLUEPRINT.md,8760,5b9559a6ef71c9ce96b66ca9fecc5bcdf491864f02ea6583f62779f2731fc3eb,GOVERNANCE_EVIDENCE_IMMUTABLE,NORMALIZED
03_GOVERNANCE_EVIDENCE_READONLY/review-session/FREEZE_REMEDIATION_V1/REVISED_SPEC_CANDIDATE/01_master/REPOSITORY_STRATEGY.md,1720,64d05bb86f5cae3568ad6c7bf6a1dd24f04c55caa792fb0f610c582b85b9cbc2,GOVERNANCE_EVIDENCE_IMMUTABLE,NORMALIZED
03_GOVERNANCE_EVIDENCE_READONLY/review-session/FREEZE_REMEDIATION_V1/REVISED_SPEC_CANDIDATE/01_master/SYSTEM_INVARIANTS.md,1902,1c1457004848af54606da00817f7f8df282119dea121e2a5ff324663d5db73b9,GOVERNANCE_EVIDENCE_IMMUTABLE,NORMALIZED
03_GOVERNANCE_EVIDENCE_READONLY/review-session/FREEZE_REMEDIATION_V1/REVISED_SPEC_CANDIDATE/03_repo_blueprints/R01_CONTRACTS.md,2590,526eaf58144d287e7fda91df7dd4a28e08da473032f7d70ed8941a1b1c1670e1,GOVERNANCE_EVIDENCE_IMMUTABLE,NORMALIZED
03_GOVERNANCE_EVIDENCE_READONLY/review-session/FREEZE_REMEDIATION_V1/REVISED_SPEC_CANDIDATE/03_repo_blueprints/R02_CORE_STATE.md,2592,798e0b57847a68487f236e5e9377fd55f9b0555fd26066662fcacfb185c10c2d,GOVERNANCE_EVIDENCE_IMMUTABLE,NORMALIZED
03_GOVERNANCE_EVIDENCE_READONLY/review-session/FREEZE_REMEDIATION_V1/REVISED_SPEC_CANDIDATE/03_repo_blueprints/R03_CREATIVE.md,2601,1a04ebb06d8b518d56233ac8573310690b8b69e55452d03aa3fc6b4ee45645d3,GOVERNANCE_EVIDENCE_IMMUTABLE,NORMALIZED
03_GOVERNANCE_EVIDENCE_READONLY/review-session/FREEZE_REMEDIATION_V1/REVISED_SPEC_CANDIDATE/03_repo_blueprints/R04_ASSETS_CONTINUITY.md,2610,7ebbb29879ed2d7d87cbf5a4983fe11bee6c468c23622d7d10f1892e5459bec5,GOVERNANCE_EVIDENCE_IMMUTABLE,NORMALIZED
03_GOVERNANCE_EVIDENCE_READONLY/review-session/FREEZE_REMEDIATION_V1/REVISED_SPEC_CANDIDATE/03_repo_blueprints/R05_PROMPT_COMPILER.md,2624,ab7a3b428b71a14bba4666dbc9a127f5d29486d42cea8577e55b8fe39ea0463c,GOVERNANCE_EVIDENCE_IMMUTABLE,NORMALIZED
03_GOVERNANCE_EVIDENCE_READONLY/review-session/FREEZE_REMEDIATION_V1/REVISED_SPEC_CANDIDATE/03_repo_blueprints/R06_WORKFLOW.md,2614,14b935b2761f76a160784dcb8eb1c967d0ec89f71c36e2f9d4ed8955ae96fde6,GOVERNANCE_EVIDENCE_IMMUTABLE,NORMALIZED
03_GOVERNANCE_EVIDENCE_READONLY/review-session/FREEZE_REMEDIATION_V1/REVISED_SPEC_CANDIDATE/03_repo_blueprints/R07_PROVIDER_SDK.md,2617,ddef2891c665b992babb1164b030986b83a8f10aa01b7e68b80af83fd9e41c44,GOVERNANCE_EVIDENCE_IMMUTABLE,NORMALIZED
03_GOVERNANCE_EVIDENCE_READONLY/review-session/FREEZE_REMEDIATION_V1/REVISED_SPEC_CANDIDATE/03_repo_blueprints/R08_GOOGLE_FLOW_ADAPTER.md,2630,b58c39233e651170595c111baffae1f80b3b0a7cc09df89883b9bc480d6d5212,GOVERNANCE_EVIDENCE_IMMUTABLE,NORMALIZED
03_GOVERNANCE_EVIDENCE_READONLY/review-session/FREEZE_REMEDIATION_V1/REVISED_SPEC_CANDIDATE/03_repo_blueprints/R09A_R10_GOOGLE_FLOW_EXECUTION_OPTIONS.md,5705,734d5526fe52a5770824150f1615828144f12ad745ea06d9df062e3ad72eea38,GOVERNANCE_EVIDENCE_IMMUTABLE,NORMALIZED
03_GOVERNANCE_EVIDENCE_READONLY/review-session/FREEZE_REMEDIATION_V1/REVISED_SPEC_CANDIDATE/03_repo_blueprints/R09_BROWSER_WORKER.md,2629,3ffbae5c7dab55f74e1a0fc6342983f297fb5dd0c85665ccb0e5f3c1f55fdb33,GOVERNANCE_EVIDENCE_IMMUTABLE,NORMALIZED
03_GOVERNANCE_EVIDENCE_READONLY/review-session/FREEZE_REMEDIATION_V1/REVISED_SPEC_CANDIDATE/03_repo_blueprints/R10_FLOWKIT_BRIDGE.md,2593,5d7405e32610f3541aaaf3d1cd967f08e092f0f98bdcc8542eb8e92506ad93a6,GOVERNANCE_EVIDENCE_IMMUTABLE,NORMALIZED
03_GOVERNANCE_EVIDENCE_READONLY/review-session/FREEZE_REMEDIATION_V1/REVISED_SPEC_CANDIDATE/03_repo_blueprints/R11_QC.md,2626,bc16875e78b992fd5a27116c3433bec91181475e0c1b639d5c228d7b9e763807,GOVERNANCE_EVIDENCE_IMMUTABLE,NORMALIZED
03_GOVERNANCE_EVIDENCE_READONLY/review-session/FREEZE_REMEDIATION_V1/REVISED_SPEC_CANDIDATE/03_repo_blueprints/R12_MEDIA.md,2612,0d16ef55b0dd6bc3b2d68981cadb02e965481140a5d5fd08692ae53de6680352,GOVERNANCE_EVIDENCE_IMMUTABLE,NORMALIZED
03_GOVERNANCE_EVIDENCE_READONLY/review-session/FREEZE_REMEDIATION_V1/REVISED_SPEC_CANDIDATE/03_repo_blueprints/R13_OPERATOR_CONSOLE.md,2621,76e9dec259dc6a04f079a23a8f21a7a9253171305782d4643d5596525698e7ac,GOVERNANCE_EVIDENCE_IMMUTABLE,NORMALIZED
03_GOVERNANCE_EVIDENCE_READONLY/review-session/FREEZE_REMEDIATION_V1/REVISED_SPEC_CANDIDATE/03_repo_blueprints/R14_PLATFORM_OBSERVABILITY.md,2643,a0bc8a851959e6b13a48fcb4a75ebc0c2ef3904e60085f130316c68208efd0d7,GOVERNANCE_EVIDENCE_IMMUTABLE,NORMALIZED
03_GOVERNANCE_EVIDENCE_READONLY/review-session/FREEZE_REMEDIATION_V1/REVISED_SPEC_CANDIDATE/03_repo_blueprints/R15_INTEGRATION_HARNESS.md,2630,622958e41375f9bbcd3fe9083af359f1130c0b8626204d18c750fa6130562f34,GOVERNANCE_EVIDENCE_IMMUTABLE,NORMALIZED
03_GOVERNANCE_EVIDENCE_READONLY/review-session/FREEZE_REMEDIATION_V1/REVISED_SPEC_CANDIDATE/07_risk/RISK_REGISTER.md,2184,4d02608bc3a256a0e4f61860d8b39161e66750971ac61486c153141076b7aba9,GOVERNANCE_EVIDENCE_IMMUTABLE,NORMALIZED
03_GOVERNANCE_EVIDENCE_READONLY/review-session/FREEZE_REMEDIATION_V1/REVISED_SPEC_CANDIDATE/09_agent_packets/AGENT_BUILD_PACKET_INDEX.md,2209,91162bd7002a7444b5f297192b8893a6678c389a56f351a274c86ec3ddc49657,GOVERNANCE_EVIDENCE_IMMUTABLE,NORMALIZED
03_GOVERNANCE_EVIDENCE_READONLY/review-session/FREEZE_REMEDIATION_V1/REVISED_SPEC_CANDIDATE/09_agent_packets/BUILD_PACKET_TEMPLATE.md,577,397b8b4bad54051da85dd1a797e485108fd8c56cc88a460aa3240f4849390c2a,GOVERNANCE_EVIDENCE_IMMUTABLE,NORMALIZED
03_GOVERNANCE_EVIDENCE_READONLY/review-session/FREEZE_REMEDIATION_V1/REVISED_SPEC_CANDIDATE/00_governance/00_REVIEWER_ENTRYPOINT.md,2224,470bd11ba8909cc98f3cb77e03d6ba3d082789f1736264a312df622269abe233,GOVERNANCE_EVIDENCE_IMMUTABLE,NORMALIZED
03_GOVERNANCE_EVIDENCE_READONLY/review-session/FREEZE_REMEDIATION_V1/REVISED_SPEC_CANDIDATE/00_governance/01_SPEC_FREEZE_POLICY.md,1298,a8d6434086a95f9ca20e23b4ca7d6cbae1c00b06e88936280c1bfe9a921dcbda,GOVERNANCE_EVIDENCE_IMMUTABLE,NORMALIZED
03_GOVERNANCE_EVIDENCE_READONLY/review-session/FREEZE_REMEDIATION_V1/REVISED_SPEC_CANDIDATE/00_governance/02_CHANGE_CONTROL.md,476,dccaa260ee2867874603beb7d18d90af68d1102fce543963c2ae098de253ae9c,GOVERNANCE_EVIDENCE_IMMUTABLE,NORMALIZED
03_GOVERNANCE_EVIDENCE_READONLY/review-session/FREEZE_REMEDIATION_V1/REVISED_SPEC_CANDIDATE/00_governance/03_DEFINITION_OF_DONE.md,750,03b8b11b3fa4cba199d219517bfc3b05bef426f986e34c80f94d5e45194b3f03,GOVERNANCE_EVIDENCE_IMMUTABLE,NORMALIZED
03_GOVERNANCE_EVIDENCE_READONLY/review-session/FREEZE_REMEDIATION_V1/REVISED_SPEC_CANDIDATE/00_governance/04_REVIEW_COMMENT_LOG_TEMPLATE.md,541,206171380cc88658f932ab53a4cbd0fbca3f72a384cab3d341980463094440a4,GOVERNANCE_EVIDENCE_IMMUTABLE,NORMALIZED
03_GOVERNANCE_EVIDENCE_READONLY/review-session/FREEZE_REMEDIATION_V1/REVISED_SPEC_CANDIDATE/02_contracts/API_COMPATIBILITY_POLICY.md,830,7cc66c7c64b733f48bc7e3bd789b66aab6af29ebee1a9143ec68656d3e44caea,GOVERNANCE_EVIDENCE_IMMUTABLE,NORMALIZED
03_GOVERNANCE_EVIDENCE_READONLY/review-session/FREEZE_REMEDIATION_V1/REVISED_SPEC_CANDIDATE/02_contracts/CONTRACTS_OVERVIEW.md,2686,d396f060d370d7dfc6d253bab42a876ce7cca8567ec8eb7353873b4ea31d1738,GOVERNANCE_EVIDENCE_IMMUTABLE,NORMALIZED
03_GOVERNANCE_EVIDENCE_READONLY/review-session/FREEZE_REMEDIATION_V1/REVISED_SPEC_CANDIDATE/02_contracts/STATUS_STATE_MACHINES.md,2817,63b3745c384662937da2aecad2f913768917d294f6a9ca17173300fbd656440f,GOVERNANCE_EVIDENCE_IMMUTABLE,NORMALIZED
03_GOVERNANCE_EVIDENCE_READONLY/review-session/FREEZE_REMEDIATION_V1/REVISED_SPEC_CANDIDATE/02_contracts/browser-command.schema.json,8287,472d16ac2b5978e4c7195b34d85fee56e11ec45a4e20455839025d8e54c0d74f,GOVERNANCE_EVIDENCE_IMMUTABLE,NORMALIZED
03_GOVERNANCE_EVIDENCE_READONLY/review-session/FREEZE_REMEDIATION_V1/REVISED_SPEC_CANDIDATE/02_contracts/domain-entities.schema.json,13994,293c3de1d0655f01008e66e26e6d7832be0fc68ffcc9f78fd80075caf71d20ba,GOVERNANCE_EVIDENCE_IMMUTABLE,NORMALIZED
03_GOVERNANCE_EVIDENCE_READONLY/review-session/FREEZE_REMEDIATION_V1/REVISED_SPEC_CANDIDATE/02_contracts/event-envelope.schema.json,1390,cf8f21c92604312603cca820db34ec489221212d9d343d21ee51da88000a3cad,GOVERNANCE_EVIDENCE_IMMUTABLE,NORMALIZED
03_GOVERNANCE_EVIDENCE_READONLY/review-session/FREEZE_REMEDIATION_V1/REVISED_SPEC_CANDIDATE/02_contracts/flow-execution-result.schema.json,2306,a2a3fedf77750db3e6fc269917b4814b1ce20d9f147eb0e7381da0c58a88750f,GOVERNANCE_EVIDENCE_IMMUTABLE,NORMALIZED
03_GOVERNANCE_EVIDENCE_READONLY/review-session/FREEZE_REMEDIATION_V1/REVISED_SPEC_CANDIDATE/02_contracts/provider-request.schema.json,2364,64cb9a7a1d45b4aa480a20addb13b86153ae47faa553fc47cdec812fa23908b7,GOVERNANCE_EVIDENCE_IMMUTABLE,NORMALIZED
03_GOVERNANCE_EVIDENCE_READONLY/review-session/FREEZE_REMEDIATION_V1/REVISED_SPEC_CANDIDATE/02_contracts/provider-result.schema.json,2810,7e8f8936cb5fd21d5c3cb98576b95e08e1d6b89b8811b5c886ae2c236cd66589,GOVERNANCE_EVIDENCE_IMMUTABLE,NORMALIZED
03_GOVERNANCE_EVIDENCE_READONLY/review-session/C00_ITERATION_03/ADR_INVENTORY.md,2837,394f5ac8ae385b751767506ecda360d2ffe8e8e4c36f9791c50d2583448421c8,GOVERNANCE_EVIDENCE_IMMUTABLE,NORMALIZED
03_GOVERNANCE_EVIDENCE_READONLY/review-session/C00_ITERATION_03/ASSUMPTION_REGISTER.md,483,d893077849a3cb3aec70ce4c5f77ab4bdf6997f681ec67640b3d1e3801ad916b,GOVERNANCE_EVIDENCE_IMMUTABLE,NORMALIZED
03_GOVERNANCE_EVIDENCE_READONLY/review-session/C00_ITERATION_03/C01_COVERAGE_PLAN.md,1597,9e54a6b6c4ff33b595f87d1d62d74cde5669774558b3a316791a18f15a84d482,GOVERNANCE_EVIDENCE_IMMUTABLE,NORMALIZED
03_GOVERNANCE_EVIDENCE_READONLY/review-session/C00_ITERATION_03/C01_COVERAGE_VALIDATION_REPORT.md,188,bc1683f5034d65a6bfc23cb495fd792c2e8c478af074f898f316806bc3bb34dd,GOVERNANCE_EVIDENCE_IMMUTABLE,NORMALIZED
03_GOVERNANCE_EVIDENCE_READONLY/review-session/C00_ITERATION_03/CONTRACT_INVENTORY.md,2734,107a3cd9f2b18ccad165dd0fa3752a87228247b6ac074769490ec4d9c1af663c,GOVERNANCE_EVIDENCE_IMMUTABLE,NORMALIZED
03_GOVERNANCE_EVIDENCE_READONLY/review-session/C00_ITERATION_03/EVIDENCE_LEDGER.md,872,bd62eec954ac64a7d1b82c0331b3e99befca6b0d89b441259869ee0f01e5a891,GOVERNANCE_EVIDENCE_IMMUTABLE,NORMALIZED
03_GOVERNANCE_EVIDENCE_READONLY/review-session/C00_ITERATION_03/PROTECTED_CAPABILITY_REGISTER.md,3800,555b2c0ff093315e4c03e6d8b997cc456f150cd6c152a7000d9787ef2894368e,GOVERNANCE_EVIDENCE_IMMUTABLE,NORMALIZED
03_GOVERNANCE_EVIDENCE_READONLY/review-session/C00_ITERATION_03/REFERENTIAL_INTEGRITY_REPORT.md,110,5c4984b232f7d52db3beb63bad2c5bf7b5b09cab7ed93475a852420e4073f68a,GOVERNANCE_EVIDENCE_IMMUTABLE,NORMALIZED
03_GOVERNANCE_EVIDENCE_READONLY/review-session/C00_ITERATION_03/REPO_INVENTORY.md,4800,56f0a134f735ca8efe4a1f7fba6c99d74b0385dbbb537c45ab2f5f33e9c81bad,GOVERNANCE_EVIDENCE_IMMUTABLE,NORMALIZED
03_GOVERNANCE_EVIDENCE_READONLY/review-session/C00_ITERATION_03/REQUIREMENT_TRACEABILITY_MATRIX.md,11156,7acdcdfd431a9ee7620e0c452e3b827af3b51b303f9e4c03a6707a27eff87088,GOVERNANCE_EVIDENCE_IMMUTABLE,NORMALIZED
03_GOVERNANCE_EVIDENCE_READONLY/review-session/C00_ITERATION_03/SESSION_MANIFEST.md,671,572e6b8412ccf73a360f0d9142b1884b2351f799b42f8086d9bdef18e75528c1,GOVERNANCE_EVIDENCE_IMMUTABLE,NORMALIZED
03_GOVERNANCE_EVIDENCE_READONLY/review-session/C00_ITERATION_03/SOURCE_FILE_INVENTORY.md,10405,b541d687fe27be599f253b4ed736f7eaa10c1e931988ea800ca0bfc97ad9f9b6,GOVERNANCE_EVIDENCE_IMMUTABLE,NORMALIZED
03_GOVERNANCE_EVIDENCE_READONLY/review-session/C00_ITERATION_03/SOURCE_IMMUTABILITY_CHECK.md,88,6b879815915abce3d41f13e6537f7fa6558bd86fa793e65ac60dde6c0f749dee,GOVERNANCE_EVIDENCE_IMMUTABLE,NORMALIZED
03_GOVERNANCE_EVIDENCE_READONLY/review-session/C00_ITERATION_03/SUPPLEMENTARY_SPEC_INVENTORY.md,214,49cae9e52d7364ad95b959fb53b8b2bf2245986f63c2e229ba6704d4b0c1dc68,GOVERNANCE_EVIDENCE_IMMUTABLE,NORMALIZED
03_GOVERNANCE_EVIDENCE_READONLY/review-session/C00_ITERATION_03/SYSTEM_INVARIANT_INVENTORY.md,5640,9606085af5ab122a7bc63850cfade8deb3da8e69fbef6d91dc65d1c7b9ffe68b,GOVERNANCE_EVIDENCE_IMMUTABLE,NORMALIZED
03_GOVERNANCE_EVIDENCE_READONLY/review-session/C00_ITERATION_03/tools/generator.py,17074,3f567814b494249976712fe3492a740a6cb7f142586251e6afdfdc11bb32d95e,GOVERNANCE_EVIDENCE_IMMUTABLE,NORMALIZED
03_GOVERNANCE_EVIDENCE_READONLY/review-session/FINAL_FREEZE_V1_REMEDIATED/CONTENT_HASHES.json,6578,5fc0fcfee03aed5e3ab0f480b40caacb151018d0810ba217c766e390e57a3b9f,GOVERNANCE_EVIDENCE_IMMUTABLE,NORMALIZED
03_GOVERNANCE_EVIDENCE_READONLY/review-session/FINAL_FREEZE_V1_REMEDIATED/FINAL_AUDIT_REPORT.md,146,8e3eb2febc6a4426a88a002e385ce38eb43b38007a1230c8c75e698d17b369cc,GOVERNANCE_EVIDENCE_IMMUTABLE,NORMALIZED
03_GOVERNANCE_EVIDENCE_READONLY/review-session/FINAL_FREEZE_V1_REMEDIATED/FINAL_CONTRACT_COMPATIBILITY_MATRIX.md,184,6798bf21ca6f6c67c43cb3f1132189dd8d0c80d3f38859072f1858376b53ca43,GOVERNANCE_EVIDENCE_IMMUTABLE,NORMALIZED
03_GOVERNANCE_EVIDENCE_READONLY/review-session/FINAL_FREEZE_V1_REMEDIATED/FINAL_DISSENT_REGISTER.md,104,5fd4572c48d6eff48e99a9efcdfaa7fc97a9bbf925387620b6eead9b59203059,GOVERNANCE_EVIDENCE_IMMUTABLE,NORMALIZED
03_GOVERNANCE_EVIDENCE_READONLY/review-session/FINAL_FREEZE_V1_REMEDIATED/FINAL_IMPLEMENTATION_HANDOFF_INDEX.md,163,63d97e1a597ffb590c163464ddf8d1277c56d9d587928085ad28b9829021add2,GOVERNANCE_EVIDENCE_IMMUTABLE,NORMALIZED
03_GOVERNANCE_EVIDENCE_READONLY/review-session/FINAL_FREEZE_V1_REMEDIATED/FINAL_PROTECTED_CAPABILITY_REPORT.md,483,fe51e4699c58b1007fb145bc1d7a85d5289847323e03144da1bdf4ef04c56101,GOVERNANCE_EVIDENCE_IMMUTABLE,NORMALIZED
03_GOVERNANCE_EVIDENCE_READONLY/review-session/FINAL_FREEZE_V1_REMEDIATED/FINAL_REPO_DEPENDENCY_GRAPH.md,186,ad83f8a70a6f6e296beecf4795e8197a6c7a3324de0b48d417366dec8d71aef8,GOVERNANCE_EVIDENCE_IMMUTABLE,NORMALIZED
03_GOVERNANCE_EVIDENCE_READONLY/review-session/FINAL_FREEZE_V1_REMEDIATED/FINAL_REQUIREMENT_TRACEABILITY.md,241,8ff278dbac66902f720ab2b3cbfc4543bd0c4bdee9acbf370a4a71ebc8f87fdf,GOVERNANCE_EVIDENCE_IMMUTABLE,NORMALIZED
03_GOVERNANCE_EVIDENCE_READONLY/review-session/FINAL_FREEZE_V1_REMEDIATED/FINAL_RISK_REGISTER.md,186,ef363705bc034faeb98a8c45ed852827d48c38451b84c5eb0bc8a36b81d039f9,GOVERNANCE_EVIDENCE_IMMUTABLE,NORMALIZED
03_GOVERNANCE_EVIDENCE_READONLY/review-session/FINAL_FREEZE_V1_REMEDIATED/FINAL_SPEC_MANIFEST.md,7721,c80039863aa974804171efa225bbf8c9d80e081872752db2330f8177731950d6,GOVERNANCE_EVIDENCE_IMMUTABLE,NORMALIZED
03_GOVERNANCE_EVIDENCE_READONLY/review-session/FINAL_FREEZE_V1_REMEDIATED/FREEZE_CERTIFICATE.md,6796,bb293c652e090ff007555c7e2f0bc0943666f1dd71b965aca59572c0bfac9fcb,GOVERNANCE_EVIDENCE_IMMUTABLE,NORMALIZED
03_GOVERNANCE_EVIDENCE_READONLY/review-session/FINAL_FREEZE_V1_REMEDIATED/SPONSOR_PROXY_DECISION.md,437,35b33b1d912bb419d922db7ab86fdaa88f0d5c1c5ca4d7fc070503b6b7f65779,GOVERNANCE_EVIDENCE_IMMUTABLE,NORMALIZED
03_GOVERNANCE_EVIDENCE_READONLY/review-session/FINAL_FREEZE_V1_REMEDIATED/FROZEN_SPEC_CANDIDATE/COMMITTEE_REVIEW_EDITION.md,181,70acfd5463b738c3f7187ae24012b5fabd59bb8b40d9f360112ebe11dbe64277,GOVERNANCE_EVIDENCE_IMMUTABLE,NORMALIZED
03_GOVERNANCE_EVIDENCE_READONLY/review-session/FINAL_FREEZE_V1_REMEDIATED/FROZEN_SPEC_CANDIDATE/CONTENT_HASHES.json,6578,5fc0fcfee03aed5e3ab0f480b40caacb151018d0810ba217c766e390e57a3b9f,GOVERNANCE_EVIDENCE_IMMUTABLE,NORMALIZED
03_GOVERNANCE_EVIDENCE_READONLY/review-session/FINAL_FREEZE_V1_REMEDIATED/FROZEN_SPEC_CANDIDATE/KIT_MANIFEST.yaml,7520,7e860e5919b6155e0165dab980b889947dcdcd3eabac5dd492cd7354d6d8685b,GOVERNANCE_EVIDENCE_IMMUTABLE,NORMALIZED
03_GOVERNANCE_EVIDENCE_READONLY/review-session/FINAL_FREEZE_V1_REMEDIATED/FROZEN_SPEC_CANDIDATE/README.md,1181,534e1c0559b7977f2f1271231faa9f0f89a7adee29929659b0a87717e4cd03c2,GOVERNANCE_EVIDENCE_IMMUTABLE,NORMALIZED
03_GOVERNANCE_EVIDENCE_READONLY/review-session/FINAL_FREEZE_V1_REMEDIATED/FROZEN_SPEC_CANDIDATE/VERSION,6,59854984853104df5c353e2f681a15fc7924742f9a2e468c29af248dce45ce03,GOVERNANCE_EVIDENCE_IMMUTABLE,NORMALIZED
03_GOVERNANCE_EVIDENCE_READONLY/review-session/FINAL_FREEZE_V1_REMEDIATED/FROZEN_SPEC_CANDIDATE/verify_package.py,1471,694f482f09fa0be78d7b5abc1f2fb6d2f9c19b040e6f76ab30ed077fc87c9c43,GOVERNANCE_EVIDENCE_IMMUTABLE,NORMALIZED
03_GOVERNANCE_EVIDENCE_READONLY/review-session/FINAL_FREEZE_V1_REMEDIATED/FROZEN_SPEC_CANDIDATE/04_integration/COMMAND_EVENT_CATALOG.md,1947,e455f75910a4ab00b6beb7cea9341ccfd1039658e87ebbf1cb0bcd9b090c1742,GOVERNANCE_EVIDENCE_IMMUTABLE,NORMALIZED
03_GOVERNANCE_EVIDENCE_READONLY/review-session/FINAL_FREEZE_V1_REMEDIATED/FROZEN_SPEC_CANDIDATE/04_integration/DEPENDENCY_GRAPH.md,2162,8298b0d617ff085a869b1ee8bd91ba14b47c22419bf3ecbd4e9c2985271e5c8b,GOVERNANCE_EVIDENCE_IMMUTABLE,NORMALIZED
03_GOVERNANCE_EVIDENCE_READONLY/review-session/FINAL_FREEZE_V1_REMEDIATED/FROZEN_SPEC_CANDIDATE/04_integration/E2E_INTEGRATION_PROTOCOL.md,1633,516be120e98bae406fd9986e71f0907a74460ed97d67fbb97008872d729c5d58,GOVERNANCE_EVIDENCE_IMMUTABLE,NORMALIZED
03_GOVERNANCE_EVIDENCE_READONLY/review-session/FINAL_FREEZE_V1_REMEDIATED/FROZEN_SPEC_CANDIDATE/04_integration/FREEZE_CHECKLIST.md,1352,d164ab6899c8e3d5f691c6b394cc2430cf67c93709d0d14bb497a8b94f49d279,GOVERNANCE_EVIDENCE_IMMUTABLE,NORMALIZED
03_GOVERNANCE_EVIDENCE_READONLY/review-session/FINAL_FREEZE_V1_REMEDIATED/FROZEN_SPEC_CANDIDATE/04_integration/LOCAL_DEVELOPMENT.md,762,23a5ecd08d658e55487b984a796ac6a9b8d19d32a6c80b4804c757399287396f,GOVERNANCE_EVIDENCE_IMMUTABLE,NORMALIZED
03_GOVERNANCE_EVIDENCE_READONLY/review-session/FINAL_FREEZE_V1_REMEDIATED/FROZEN_SPEC_CANDIDATE/04_integration/SECURITY_MODEL.md,1010,d94831e47edaae84e0c561b23b731b68e532c3d0bb926bdd73143d323b476216,GOVERNANCE_EVIDENCE_IMMUTABLE,NORMALIZED
03_GOVERNANCE_EVIDENCE_READONLY/review-session/FINAL_FREEZE_V1_REMEDIATED/FROZEN_SPEC_CANDIDATE/04_integration/TEST_STRATEGY.md,2044,5c4b8b36ae1eff268d60cc9dccbb1d1bf731d3bd4e0dae2484ee4366d350bb38,GOVERNANCE_EVIDENCE_IMMUTABLE,NORMALIZED
03_GOVERNANCE_EVIDENCE_READONLY/review-session/FINAL_FREEZE_V1_REMEDIATED/FROZEN_SPEC_CANDIDATE/06_adrs/ADR-001_MODULAR_POLYREPO.md,696,ec0fe94c5ffb0d17decb90c9a28ada33193eaf7361ca7e389973c59f549818b7,GOVERNANCE_EVIDENCE_IMMUTABLE,NORMALIZED
03_GOVERNANCE_EVIDENCE_READONLY/review-session/FINAL_FREEZE_V1_REMEDIATED/FROZEN_SPEC_CANDIDATE/06_adrs/ADR-002_CANONICAL_STATE.md,553,63407d8503675a5487738260d54e586ce5146acd6fd6249951f02c0434176bd0,GOVERNANCE_EVIDENCE_IMMUTABLE,NORMALIZED
03_GOVERNANCE_EVIDENCE_READONLY/review-session/FINAL_FREEZE_V1_REMEDIATED/FROZEN_SPEC_CANDIDATE/06_adrs/ADR-003_PROVIDER_ABSTRACTION.md,546,5aefe949b3496d96466645000d07c185181a3fe99c17849fc15344f1fb376db7,GOVERNANCE_EVIDENCE_IMMUTABLE,NORMALIZED
03_GOVERNANCE_EVIDENCE_READONLY/review-session/FINAL_FREEZE_V1_REMEDIATED/FROZEN_SPEC_CANDIDATE/06_adrs/ADR-004_DUAL_FLOW_EXECUTION.md,592,9b8434cd7470d415f78b073602e69e3c51ef1ecc0d900a0889a6e44b84c3c8a0,GOVERNANCE_EVIDENCE_IMMUTABLE,NORMALIZED
03_GOVERNANCE_EVIDENCE_READONLY/review-session/FINAL_FREEZE_V1_REMEDIATED/FROZEN_SPEC_CANDIDATE/06_adrs/ADR-005_LLM_STATE_MUTATION.md,532,65bde761654cefca16236329cc0e436f073c1611d02f548104ee766fbd4d4525,GOVERNANCE_EVIDENCE_IMMUTABLE,NORMALIZED
03_GOVERNANCE_EVIDENCE_READONLY/review-session/FINAL_FREEZE_V1_REMEDIATED/FROZEN_SPEC_CANDIDATE/06_adrs/ADR-006_RETRY_POLICY.md,508,5e48a93e699eb58c4911b78d67ab5b56c24b76bee69e6e6edba5521b43feb489,GOVERNANCE_EVIDENCE_IMMUTABLE,NORMALIZED
03_GOVERNANCE_EVIDENCE_READONLY/review-session/FINAL_FREEZE_V1_REMEDIATED/FROZEN_SPEC_CANDIDATE/06_adrs/ADR-007_BROWSER_SECURITY.md,541,e25b437db993f1cbfeaac686fc38ba21e2d4316dcedbd7945eb1520bf2593d06,GOVERNANCE_EVIDENCE_IMMUTABLE,NORMALIZED
03_GOVERNANCE_EVIDENCE_READONLY/review-session/FINAL_FREEZE_V1_REMEDIATED/FROZEN_SPEC_CANDIDATE/06_adrs/ADR-008_WORKFLOW_ENGINE.md,579,6e33e8b66988dac4a13cab34e71c96767f70dbfc1939cf42b65866585f2cdea4,GOVERNANCE_EVIDENCE_IMMUTABLE,NORMALIZED
03_GOVERNANCE_EVIDENCE_READONLY/review-session/FINAL_FREEZE_V1_REMEDIATED/FROZEN_SPEC_CANDIDATE/05_phases/BUILD_ORDER.md,1532,3abb8c7c4be9dcb698771da8ec8a3b919685ed9c77d10a5ea338691f5b8fe813,GOVERNANCE_EVIDENCE_IMMUTABLE,NORMALIZED
03_GOVERNANCE_EVIDENCE_READONLY/review-session/FINAL_FREEZE_V1_REMEDIATED/FROZEN_SPEC_CANDIDATE/05_phases/PHASE_0_BENCHMARK.md,2129,8ebe179dd9744e70034d86bb3d20a7211fb75af8d8e2fc313b4729e34f563b6e,GOVERNANCE_EVIDENCE_IMMUTABLE,NORMALIZED
03_GOVERNANCE_EVIDENCE_READONLY/review-session/FINAL_FREEZE_V1_REMEDIATED/FROZEN_SPEC_CANDIDATE/05_phases/PHASE_ROADMAP.md,1837,95e81269b851c0142babf8230cbd2c28ed6f8a47de9b19a9a785a482cda02904,GOVERNANCE_EVIDENCE_IMMUTABLE,NORMALIZED
03_GOVERNANCE_EVIDENCE_READONLY/review-session/FINAL_FREEZE_V1_REMEDIATED/FROZEN_SPEC_CANDIDATE/08_evidence/REQUIREMENT_TRACEABILITY.md,1680,86b8d9bca722ff7ca377dad235bedad5ffa5d98a53880ff1cb83a02a7614146c,GOVERNANCE_EVIDENCE_IMMUTABLE,NORMALIZED
03_GOVERNANCE_EVIDENCE_READONLY/review-session/FINAL_FREEZE_V1_REMEDIATED/FROZEN_SPEC_CANDIDATE/08_evidence/SOURCE_LEDGER.md,3413,cd791ac8e2ce129cf6abb0f0467382ac9596b20db7cf42ccbd1d9f8f8dc1262f,GOVERNANCE_EVIDENCE_IMMUTABLE,NORMALIZED
03_GOVERNANCE_EVIDENCE_READONLY/review-session/FINAL_FREEZE_V1_REMEDIATED/FROZEN_SPEC_CANDIDATE/01_master/DATA_MODEL.md,4068,817509f0b8130409edbbcb5b2879eddff81802f42297eb51f0dd20c28eace1cd,GOVERNANCE_EVIDENCE_IMMUTABLE,NORMALIZED
03_GOVERNANCE_EVIDENCE_READONLY/review-session/FINAL_FREEZE_V1_REMEDIATED/FROZEN_SPEC_CANDIDATE/01_master/MASTER_BLUEPRINT.md,8760,5b9559a6ef71c9ce96b66ca9fecc5bcdf491864f02ea6583f62779f2731fc3eb,GOVERNANCE_EVIDENCE_IMMUTABLE,NORMALIZED
03_GOVERNANCE_EVIDENCE_READONLY/review-session/FINAL_FREEZE_V1_REMEDIATED/FROZEN_SPEC_CANDIDATE/01_master/REPOSITORY_STRATEGY.md,1720,64d05bb86f5cae3568ad6c7bf6a1dd24f04c55caa792fb0f610c582b85b9cbc2,GOVERNANCE_EVIDENCE_IMMUTABLE,NORMALIZED
03_GOVERNANCE_EVIDENCE_READONLY/review-session/FINAL_FREEZE_V1_REMEDIATED/FROZEN_SPEC_CANDIDATE/01_master/SYSTEM_INVARIANTS.md,1902,1c1457004848af54606da00817f7f8df282119dea121e2a5ff324663d5db73b9,GOVERNANCE_EVIDENCE_IMMUTABLE,NORMALIZED
03_GOVERNANCE_EVIDENCE_READONLY/review-session/FINAL_FREEZE_V1_REMEDIATED/FROZEN_SPEC_CANDIDATE/03_repo_blueprints/R01_CONTRACTS.md,2590,526eaf58144d287e7fda91df7dd4a28e08da473032f7d70ed8941a1b1c1670e1,GOVERNANCE_EVIDENCE_IMMUTABLE,NORMALIZED
03_GOVERNANCE_EVIDENCE_READONLY/review-session/FINAL_FREEZE_V1_REMEDIATED/FROZEN_SPEC_CANDIDATE/03_repo_blueprints/R02_CORE_STATE.md,2592,798e0b57847a68487f236e5e9377fd55f9b0555fd26066662fcacfb185c10c2d,GOVERNANCE_EVIDENCE_IMMUTABLE,NORMALIZED
03_GOVERNANCE_EVIDENCE_READONLY/review-session/FINAL_FREEZE_V1_REMEDIATED/FROZEN_SPEC_CANDIDATE/03_repo_blueprints/R03_CREATIVE.md,2601,1a04ebb06d8b518d56233ac8573310690b8b69e55452d03aa3fc6b4ee45645d3,GOVERNANCE_EVIDENCE_IMMUTABLE,NORMALIZED
03_GOVERNANCE_EVIDENCE_READONLY/review-session/FINAL_FREEZE_V1_REMEDIATED/FROZEN_SPEC_CANDIDATE/03_repo_blueprints/R04_ASSETS_CONTINUITY.md,2610,7ebbb29879ed2d7d87cbf5a4983fe11bee6c468c23622d7d10f1892e5459bec5,GOVERNANCE_EVIDENCE_IMMUTABLE,NORMALIZED
03_GOVERNANCE_EVIDENCE_READONLY/review-session/FINAL_FREEZE_V1_REMEDIATED/FROZEN_SPEC_CANDIDATE/03_repo_blueprints/R05_PROMPT_COMPILER.md,2624,ab7a3b428b71a14bba4666dbc9a127f5d29486d42cea8577e55b8fe39ea0463c,GOVERNANCE_EVIDENCE_IMMUTABLE,NORMALIZED
03_GOVERNANCE_EVIDENCE_READONLY/review-session/FINAL_FREEZE_V1_REMEDIATED/FROZEN_SPEC_CANDIDATE/03_repo_blueprints/R06_WORKFLOW.md,2614,14b935b2761f76a160784dcb8eb1c967d0ec89f71c36e2f9d4ed8955ae96fde6,GOVERNANCE_EVIDENCE_IMMUTABLE,NORMALIZED
03_GOVERNANCE_EVIDENCE_READONLY/review-session/FINAL_FREEZE_V1_REMEDIATED/FROZEN_SPEC_CANDIDATE/03_repo_blueprints/R07_PROVIDER_SDK.md,2617,ddef2891c665b992babb1164b030986b83a8f10aa01b7e68b80af83fd9e41c44,GOVERNANCE_EVIDENCE_IMMUTABLE,NORMALIZED
03_GOVERNANCE_EVIDENCE_READONLY/review-session/FINAL_FREEZE_V1_REMEDIATED/FROZEN_SPEC_CANDIDATE/03_repo_blueprints/R08_GOOGLE_FLOW_ADAPTER.md,2630,b58c39233e651170595c111baffae1f80b3b0a7cc09df89883b9bc480d6d5212,GOVERNANCE_EVIDENCE_IMMUTABLE,NORMALIZED
03_GOVERNANCE_EVIDENCE_READONLY/review-session/FINAL_FREEZE_V1_REMEDIATED/FROZEN_SPEC_CANDIDATE/03_repo_blueprints/R09A_R10_GOOGLE_FLOW_EXECUTION_OPTIONS.md,5705,734d5526fe52a5770824150f1615828144f12ad745ea06d9df062e3ad72eea38,GOVERNANCE_EVIDENCE_IMMUTABLE,NORMALIZED
03_GOVERNANCE_EVIDENCE_READONLY/review-session/FINAL_FREEZE_V1_REMEDIATED/FROZEN_SPEC_CANDIDATE/03_repo_blueprints/R09_BROWSER_WORKER.md,2629,3ffbae5c7dab55f74e1a0fc6342983f297fb5dd0c85665ccb0e5f3c1f55fdb33,GOVERNANCE_EVIDENCE_IMMUTABLE,NORMALIZED
03_GOVERNANCE_EVIDENCE_READONLY/review-session/FINAL_FREEZE_V1_REMEDIATED/FROZEN_SPEC_CANDIDATE/03_repo_blueprints/R10_FLOWKIT_BRIDGE.md,2593,5d7405e32610f3541aaaf3d1cd967f08e092f0f98bdcc8542eb8e92506ad93a6,GOVERNANCE_EVIDENCE_IMMUTABLE,NORMALIZED
03_GOVERNANCE_EVIDENCE_READONLY/review-session/FINAL_FREEZE_V1_REMEDIATED/FROZEN_SPEC_CANDIDATE/03_repo_blueprints/R11_QC.md,2626,bc16875e78b992fd5a27116c3433bec91181475e0c1b639d5c228d7b9e763807,GOVERNANCE_EVIDENCE_IMMUTABLE,NORMALIZED
03_GOVERNANCE_EVIDENCE_READONLY/review-session/FINAL_FREEZE_V1_REMEDIATED/FROZEN_SPEC_CANDIDATE/03_repo_blueprints/R12_MEDIA.md,2612,0d16ef55b0dd6bc3b2d68981cadb02e965481140a5d5fd08692ae53de6680352,GOVERNANCE_EVIDENCE_IMMUTABLE,NORMALIZED
03_GOVERNANCE_EVIDENCE_READONLY/review-session/FINAL_FREEZE_V1_REMEDIATED/FROZEN_SPEC_CANDIDATE/03_repo_blueprints/R13_OPERATOR_CONSOLE.md,2621,76e9dec259dc6a04f079a23a8f21a7a9253171305782d4643d5596525698e7ac,GOVERNANCE_EVIDENCE_IMMUTABLE,NORMALIZED
03_GOVERNANCE_EVIDENCE_READONLY/review-session/FINAL_FREEZE_V1_REMEDIATED/FROZEN_SPEC_CANDIDATE/03_repo_blueprints/R14_PLATFORM_OBSERVABILITY.md,2643,a0bc8a851959e6b13a48fcb4a75ebc0c2ef3904e60085f130316c68208efd0d7,GOVERNANCE_EVIDENCE_IMMUTABLE,NORMALIZED
03_GOVERNANCE_EVIDENCE_READONLY/review-session/FINAL_FREEZE_V1_REMEDIATED/FROZEN_SPEC_CANDIDATE/03_repo_blueprints/R15_INTEGRATION_HARNESS.md,2630,622958e41375f9bbcd3fe9083af359f1130c0b8626204d18c750fa6130562f34,GOVERNANCE_EVIDENCE_IMMUTABLE,NORMALIZED
03_GOVERNANCE_EVIDENCE_READONLY/review-session/FINAL_FREEZE_V1_REMEDIATED/FROZEN_SPEC_CANDIDATE/07_risk/RISK_REGISTER.md,2184,4d02608bc3a256a0e4f61860d8b39161e66750971ac61486c153141076b7aba9,GOVERNANCE_EVIDENCE_IMMUTABLE,NORMALIZED
03_GOVERNANCE_EVIDENCE_READONLY/review-session/FINAL_FREEZE_V1_REMEDIATED/FROZEN_SPEC_CANDIDATE/09_agent_packets/AGENT_BUILD_PACKET_INDEX.md,2209,91162bd7002a7444b5f297192b8893a6678c389a56f351a274c86ec3ddc49657,GOVERNANCE_EVIDENCE_IMMUTABLE,NORMALIZED
03_GOVERNANCE_EVIDENCE_READONLY/review-session/FINAL_FREEZE_V1_REMEDIATED/FROZEN_SPEC_CANDIDATE/09_agent_packets/BUILD_PACKET_TEMPLATE.md,577,397b8b4bad54051da85dd1a797e485108fd8c56cc88a460aa3240f4849390c2a,GOVERNANCE_EVIDENCE_IMMUTABLE,NORMALIZED
03_GOVERNANCE_EVIDENCE_READONLY/review-session/FINAL_FREEZE_V1_REMEDIATED/FROZEN_SPEC_CANDIDATE/00_governance/00_REVIEWER_ENTRYPOINT.md,2224,470bd11ba8909cc98f3cb77e03d6ba3d082789f1736264a312df622269abe233,GOVERNANCE_EVIDENCE_IMMUTABLE,NORMALIZED
03_GOVERNANCE_EVIDENCE_READONLY/review-session/FINAL_FREEZE_V1_REMEDIATED/FROZEN_SPEC_CANDIDATE/00_governance/01_SPEC_FREEZE_POLICY.md,1298,a8d6434086a95f9ca20e23b4ca7d6cbae1c00b06e88936280c1bfe9a921dcbda,GOVERNANCE_EVIDENCE_IMMUTABLE,NORMALIZED
03_GOVERNANCE_EVIDENCE_READONLY/review-session/FINAL_FREEZE_V1_REMEDIATED/FROZEN_SPEC_CANDIDATE/00_governance/02_CHANGE_CONTROL.md,476,dccaa260ee2867874603beb7d18d90af68d1102fce543963c2ae098de253ae9c,GOVERNANCE_EVIDENCE_IMMUTABLE,NORMALIZED
03_GOVERNANCE_EVIDENCE_READONLY/review-session/FINAL_FREEZE_V1_REMEDIATED/FROZEN_SPEC_CANDIDATE/00_governance/03_DEFINITION_OF_DONE.md,750,03b8b11b3fa4cba199d219517bfc3b05bef426f986e34c80f94d5e45194b3f03,GOVERNANCE_EVIDENCE_IMMUTABLE,NORMALIZED
03_GOVERNANCE_EVIDENCE_READONLY/review-session/FINAL_FREEZE_V1_REMEDIATED/FROZEN_SPEC_CANDIDATE/00_governance/04_REVIEW_COMMENT_LOG_TEMPLATE.md,541,206171380cc88658f932ab53a4cbd0fbca3f72a384cab3d341980463094440a4,GOVERNANCE_EVIDENCE_IMMUTABLE,NORMALIZED
03_GOVERNANCE_EVIDENCE_READONLY/review-session/FINAL_FREEZE_V1_REMEDIATED/FROZEN_SPEC_CANDIDATE/02_contracts/API_COMPATIBILITY_POLICY.md,830,7cc66c7c64b733f48bc7e3bd789b66aab6af29ebee1a9143ec68656d3e44caea,GOVERNANCE_EVIDENCE_IMMUTABLE,NORMALIZED
03_GOVERNANCE_EVIDENCE_READONLY/review-session/FINAL_FREEZE_V1_REMEDIATED/FROZEN_SPEC_CANDIDATE/02_contracts/CONTRACTS_OVERVIEW.md,2686,d396f060d370d7dfc6d253bab42a876ce7cca8567ec8eb7353873b4ea31d1738,GOVERNANCE_EVIDENCE_IMMUTABLE,NORMALIZED
03_GOVERNANCE_EVIDENCE_READONLY/review-session/FINAL_FREEZE_V1_REMEDIATED/FROZEN_SPEC_CANDIDATE/02_contracts/STATUS_STATE_MACHINES.md,2817,63b3745c384662937da2aecad2f913768917d294f6a9ca17173300fbd656440f,GOVERNANCE_EVIDENCE_IMMUTABLE,NORMALIZED
03_GOVERNANCE_EVIDENCE_READONLY/review-session/FINAL_FREEZE_V1_REMEDIATED/FROZEN_SPEC_CANDIDATE/02_contracts/browser-command.schema.json,8287,472d16ac2b5978e4c7195b34d85fee56e11ec45a4e20455839025d8e54c0d74f,GOVERNANCE_EVIDENCE_IMMUTABLE,NORMALIZED
03_GOVERNANCE_EVIDENCE_READONLY/review-session/FINAL_FREEZE_V1_REMEDIATED/FROZEN_SPEC_CANDIDATE/02_contracts/domain-entities.schema.json,13994,293c3de1d0655f01008e66e26e6d7832be0fc68ffcc9f78fd80075caf71d20ba,GOVERNANCE_EVIDENCE_IMMUTABLE,NORMALIZED
03_GOVERNANCE_EVIDENCE_READONLY/review-session/FINAL_FREEZE_V1_REMEDIATED/FROZEN_SPEC_CANDIDATE/02_contracts/event-envelope.schema.json,1390,cf8f21c92604312603cca820db34ec489221212d9d343d21ee51da88000a3cad,GOVERNANCE_EVIDENCE_IMMUTABLE,NORMALIZED
03_GOVERNANCE_EVIDENCE_READONLY/review-session/FINAL_FREEZE_V1_REMEDIATED/FROZEN_SPEC_CANDIDATE/02_contracts/flow-execution-result.schema.json,2306,a2a3fedf77750db3e6fc269917b4814b1ce20d9f147eb0e7381da0c58a88750f,GOVERNANCE_EVIDENCE_IMMUTABLE,NORMALIZED
03_GOVERNANCE_EVIDENCE_READONLY/review-session/FINAL_FREEZE_V1_REMEDIATED/FROZEN_SPEC_CANDIDATE/02_contracts/provider-request.schema.json,2364,64cb9a7a1d45b4aa480a20addb13b86153ae47faa553fc47cdec812fa23908b7,GOVERNANCE_EVIDENCE_IMMUTABLE,NORMALIZED
03_GOVERNANCE_EVIDENCE_READONLY/review-session/FINAL_FREEZE_V1_REMEDIATED/FROZEN_SPEC_CANDIDATE/02_contracts/provider-result.schema.json,2810,7e8f8936cb5fd21d5c3cb98576b95e08e1d6b89b8811b5c886ae2c236cd66589,GOVERNANCE_EVIDENCE_IMMUTABLE,NORMALIZED
03_GOVERNANCE_EVIDENCE_READONLY/review-session/SPIKES/SPK-001_MV3_LIFECYCLE_KEEPALIVE.md,1322,c4d9dafe72adbaa5f107bce8541d22197837ff53eb422c206f8806871ef6e477,GOVERNANCE_EVIDENCE_IMMUTABLE,NORMALIZED
03_GOVERNANCE_EVIDENCE_READONLY/review-session/C02/C02_SUMMARY_REPORT.md,2177,c265d657354b3869a838d550b232b1f427887d54aab004c83d0bdc4ae8200709,GOVERNANCE_EVIDENCE_IMMUTABLE,NORMALIZED
03_GOVERNANCE_EVIDENCE_READONLY/review-session/C02/CROSS_EXAMINATION_LOG.md,381354,10b7ea8690585e0822b6baba7df00eb519087ceea9cf235003fed5bc07a84a4f,GOVERNANCE_EVIDENCE_IMMUTABLE,NORMALIZED
03_GOVERNANCE_EVIDENCE_READONLY/review-session/C02/FINDINGS_REGISTER.md,31982,6bf8febfed7a4ec6b613729cff1ba38ed9b0eb9b5a8bac3d4b7baef663d74b50,GOVERNANCE_EVIDENCE_IMMUTABLE,NORMALIZED
03_GOVERNANCE_EVIDENCE_READONLY/review-session/C02/RESEARCH_REQUESTS.md,1242,030d026abe01c49a5c1f37cc2d9955e4857bbaf812f04d461b961d7bbc71c7b6,GOVERNANCE_EVIDENCE_IMMUTABLE,NORMALIZED
03_GOVERNANCE_EVIDENCE_READONLY/review-session/C02/SESSION_MANIFEST.md,1486,33a476a56ad5a852f0c61a079602b63d054c92e10c535da63a8d118a50a6dfe2,GOVERNANCE_EVIDENCE_IMMUTABLE,NORMALIZED
03_GOVERNANCE_EVIDENCE_READONLY/review-session/C02/SPIKE_REQUESTS.md,1399,563e5f94121b869149a96a200170178c561c07ae959db519e53fa13fabb83e64,GOVERNANCE_EVIDENCE_IMMUTABLE,NORMALIZED
03_GOVERNANCE_EVIDENCE_READONLY/review-session/C02/UNRESOLVED_CONTROVERSIES.md,2745,1f9f015971f1f803b93fa72b8d5b9007259c498d34b4d9117954d53fabdac70e,GOVERNANCE_EVIDENCE_IMMUTABLE,NORMALIZED
03_GOVERNANCE_EVIDENCE_READONLY/review-session/C05/C05_SUMMARY_REPORT.md,888,74f51a262b76b8c3d7a8d783e4a85f629cfe69413da928fb333773dfbd405578,GOVERNANCE_EVIDENCE_IMMUTABLE,NORMALIZED
03_GOVERNANCE_EVIDENCE_READONLY/review-session/C05/remediate_and_recheck.py,5376,19440c57f6b7ba567152b3aaf30fa75656d801b7765c0c6a70fc0eb9bc48467f,GOVERNANCE_EVIDENCE_IMMUTABLE,NORMALIZED
03_GOVERNANCE_EVIDENCE_READONLY/review-session/C04/C04_SUMMARY_REPORT.md,1337,1e0a5ae35967d432bd2d1f3fe6943382ec869008eecc2893a4e9598a432e9c42,GOVERNANCE_EVIDENCE_IMMUTABLE,NORMALIZED
03_GOVERNANCE_EVIDENCE_READONLY/review-session/C04/CONTRACT_DIFF_REPORT.md,747,0db12aca977f4b01a261961d3771b6e54cefd487216a7cb9ad2fba9465ce056d,GOVERNANCE_EVIDENCE_IMMUTABLE,NORMALIZED
03_GOVERNANCE_EVIDENCE_READONLY/review-session/C04/DISSENT_REGISTER.md,1463,d549ce66afcec4e79aecd11cef7e75824e591787dd49f7d0f3f4db9c4c0fc848,GOVERNANCE_EVIDENCE_IMMUTABLE,NORMALIZED
03_GOVERNANCE_EVIDENCE_READONLY/review-session/C04/POST_MERGE_CONSISTENCY_REPORT.md,962,620e7735061a33dabd6dcaceb19d3b13ecf467dddaa2cbc00c86d0dfa8498e2d,GOVERNANCE_EVIDENCE_IMMUTABLE,NORMALIZED
03_GOVERNANCE_EVIDENCE_READONLY/review-session/C04/SPEC_CHANGESET.md,2863,c4ca1d3238cf919b74ab428b9aed300e5ef0d8be7669b2c76fb542f376cccc09,GOVERNANCE_EVIDENCE_IMMUTABLE,NORMALIZED
03_GOVERNANCE_EVIDENCE_READONLY/review-session/C04/SPEC_SEMANTIC_DIFF.md,4898,7101c83fc7a6d4daf3360ad63bd4eb4c9a737dd898a09c145191b706ac9abaef,GOVERNANCE_EVIDENCE_IMMUTABLE,NORMALIZED
03_GOVERNANCE_EVIDENCE_READONLY/review-session/C04/VOTE_RECORD.md,37341,b56fd02ef349e4c1d9e061424c54d8de61899671d0a12dac803f9e0a670640d6,GOVERNANCE_EVIDENCE_IMMUTABLE,NORMALIZED
03_GOVERNANCE_EVIDENCE_READONLY/review-session/C04/build_c04_synthesis.py,37812,3c0b054d2da1f87be5145423a92ff511e5af363ec9bb98a97153c1d986ffc9ad,GOVERNANCE_EVIDENCE_IMMUTABLE,NORMALIZED
03_GOVERNANCE_EVIDENCE_READONLY/review-session/C03/C03_SUMMARY_REPORT.md,1923,e98711a29039fc53945dd707d010458f5c94a37e31559a9907543fe79b84649b,GOVERNANCE_EVIDENCE_IMMUTABLE,NORMALIZED
03_GOVERNANCE_EVIDENCE_READONLY/review-session/C03/CAPABILITY_PRESERVATION_MATRIX.md,3137,c34062e1f251bebb35c86d16e290d8e6571f70be7721791f769041fcc7d49217,GOVERNANCE_EVIDENCE_IMMUTABLE,NORMALIZED
03_GOVERNANCE_EVIDENCE_READONLY/review-session/C03/CHANGE_PROPOSAL_INDEX.md,3481,d4eba66e86053a8f802bceb987ad33d7ccd8bbd982a455a6b92416c083bf3bd6,GOVERNANCE_EVIDENCE_IMMUTABLE,NORMALIZED
03_GOVERNANCE_EVIDENCE_READONLY/review-session/C03/CONTROVERSY_RESOLUTION_REPORT.md,1261,7deb9522a6d8cfbda93367c2614aea6c45c7ceb2732dca96ee5545db9a4b621e,GOVERNANCE_EVIDENCE_IMMUTABLE,NORMALIZED
03_GOVERNANCE_EVIDENCE_READONLY/review-session/C03/build_c03_solutions.py,45481,8ac6c5846c6367cd96ca0c234d4898fbe1e59d47a0b8d405ff08f0ff00876a9d,GOVERNANCE_EVIDENCE_IMMUTABLE,NORMALIZED
03_GOVERNANCE_EVIDENCE_READONLY/review-session/EXTERNAL_TECHNICAL_REVIEW/AVF_FROZEN_SPEC_TECHNICAL_REVIEW.md,13636,601e1937f56731a5a694f8f1fdd3783fb548c9911558320665721df024b4a18b,GOVERNANCE_EVIDENCE_IMMUTABLE,NORMALIZED
03_GOVERNANCE_EVIDENCE_READONLY/review-session/FINAL_FORENSIC_AUDIT/C03_SOLUTION_TRACEABILITY.md,5555,3ed67f3fc693dae70ed0a3f185dd073743342415df284938dc807939a33a90e1,GOVERNANCE_EVIDENCE_IMMUTABLE,NORMALIZED
03_GOVERNANCE_EVIDENCE_READONLY/review-session/FINAL_FORENSIC_AUDIT/C05_PROCESS_AUDIT.md,7262,f47d2e9f3f4133ad72fcdf411aebbb1f4b06eff74882787cb5ff43e9ccfbc91d,GOVERNANCE_EVIDENCE_IMMUTABLE,NORMALIZED
03_GOVERNANCE_EVIDENCE_READONLY/review-session/FINAL_FORENSIC_AUDIT/CERTIFICATE_CONSISTENCY.md,4394,2e91354a5f47d5804e6694fa03838c35ee167877572929182739ff80966a65cb,GOVERNANCE_EVIDENCE_IMMUTABLE,NORMALIZED
03_GOVERNANCE_EVIDENCE_READONLY/review-session/FINAL_FORENSIC_AUDIT/CONTRACT_OWNERSHIP_CONSISTENCY.md,6605,445ec4686254257a9a2203794e7e6d7321947cb7b5fd295c1120faff872d7263,GOVERNANCE_EVIDENCE_IMMUTABLE,NORMALIZED
03_GOVERNANCE_EVIDENCE_READONLY/review-session/FINAL_FORENSIC_AUDIT/EMPIRICAL_UNKNOWN_AUDIT.md,6749,ddddc644d309d7afa327b9b9b7a621712b6d087bdc2402ef08c4a294175f183e,GOVERNANCE_EVIDENCE_IMMUTABLE,NORMALIZED
03_GOVERNANCE_EVIDENCE_READONLY/review-session/FINAL_FORENSIC_AUDIT/FINDING_ACCOUNTING.md,7194,4103599361fccb9b0f18ed602700c778c0fcfecde335a1841d6cad1982323a6e,GOVERNANCE_EVIDENCE_IMMUTABLE,NORMALIZED
03_GOVERNANCE_EVIDENCE_READONLY/review-session/FINAL_FORENSIC_AUDIT/FORENSIC_AUDIT_REPORT.md,17819,14a31b94f45b93ed37e2643534c5d204aeec149055fc0635fda8ff2354b864d2,GOVERNANCE_EVIDENCE_IMMUTABLE,NORMALIZED
03_GOVERNANCE_EVIDENCE_READONLY/review-session/FINAL_FORENSIC_AUDIT/FORENSIC_BLOCKER_REGISTER.md,9718,37c1548eb592dd3e21b5a209f1ab261354e80418c1eea0724ccf76992fbb91ad,GOVERNANCE_EVIDENCE_IMMUTABLE,NORMALIZED
03_GOVERNANCE_EVIDENCE_READONLY/review-session/FINAL_FORENSIC_AUDIT/FREEZE_GATE_EVIDENCE_AUDIT.md,6433,2b73ff75defa8fd5ac805a7d8c60e25f0c3608df31925f88ffd32ef6e5099630,GOVERNANCE_EVIDENCE_IMMUTABLE,NORMALIZED
03_GOVERNANCE_EVIDENCE_READONLY/review-session/FINAL_FORENSIC_AUDIT/IMPLEMENTATION_HANDOFF_AUDIT.md,8683,3135fc63c36349efff257ab23dd3f0c117c167529002c833bc8f9843f06d34ef,GOVERNANCE_EVIDENCE_IMMUTABLE,NORMALIZED
03_GOVERNANCE_EVIDENCE_READONLY/review-session/FINAL_FORENSIC_AUDIT/RESIDUAL_RISK_AUDIT.md,6333,77dd6bb395408799f7f8ac8edd868498e91f2b1414457ea3266c98f3002cc77f,GOVERNANCE_EVIDENCE_IMMUTABLE,NORMALIZED
03_GOVERNANCE_EVIDENCE_READONLY/review-session/FINAL_FORENSIC_AUDIT/SEMANTIC_CHANGE_TRACEABILITY.md,9077,06b8d2199e0684c23bcdc457acebfa0cde3eee4146c349d72fafae9f39ce9929,GOVERNANCE_EVIDENCE_IMMUTABLE,NORMALIZED
03_GOVERNANCE_EVIDENCE_READONLY/review-session/FINAL_FORENSIC_AUDIT/VOTE_FORENSICS.md,5412,75c661026eed3740a3db2abd30c44364284be27f4164fdd9e4ea95b12c3f934d,GOVERNANCE_EVIDENCE_IMMUTABLE,NORMALIZED
03_GOVERNANCE_EVIDENCE_READONLY/review-session/REVISED_SPEC_CANDIDATE/COMMITTEE_REVIEW_EDITION.md,1886,6f6b8fd5bd970adc94dc8bd7346cae49fbd06d13fece319e80981f5781598107,GOVERNANCE_EVIDENCE_IMMUTABLE,NORMALIZED
03_GOVERNANCE_EVIDENCE_READONLY/review-session/REVISED_SPEC_CANDIDATE/KIT_MANIFEST.yaml,8566,9fd2e4b8aa5389a341b5a373598d29c9788f2058210e269d533566af8ec53e29,GOVERNANCE_EVIDENCE_IMMUTABLE,NORMALIZED
03_GOVERNANCE_EVIDENCE_READONLY/review-session/REVISED_SPEC_CANDIDATE/README.md,2329,1619091f206a5ca28c2e833ace174abcc1de5dd4c625c4aaea61fa0fb70f09f4,GOVERNANCE_EVIDENCE_IMMUTABLE,NORMALIZED
03_GOVERNANCE_EVIDENCE_READONLY/review-session/REVISED_SPEC_CANDIDATE/VERSION,23,3be0958b67381fd1503034bb4e3d5a82b3b4074ee4a1c5c8b73e03ecf1cccde9,GOVERNANCE_EVIDENCE_IMMUTABLE,NORMALIZED
03_GOVERNANCE_EVIDENCE_READONLY/review-session/REVISED_SPEC_CANDIDATE/04_integration/COMMAND_EVENT_CATALOG.md,1779,a2788dd58b39c463923063318632941c32a874563cae1575dc6c7cb16da7a938,GOVERNANCE_EVIDENCE_IMMUTABLE,NORMALIZED
03_GOVERNANCE_EVIDENCE_READONLY/review-session/REVISED_SPEC_CANDIDATE/04_integration/DEPENDENCY_GRAPH.md,1137,3748427f804dae012efef0d2945b64a1e6bce223ba7bed6f13b461c89bf4de57,GOVERNANCE_EVIDENCE_IMMUTABLE,NORMALIZED
03_GOVERNANCE_EVIDENCE_READONLY/review-session/REVISED_SPEC_CANDIDATE/04_integration/E2E_INTEGRATION_PROTOCOL.md,1633,516be120e98bae406fd9986e71f0907a74460ed97d67fbb97008872d729c5d58,GOVERNANCE_EVIDENCE_IMMUTABLE,NORMALIZED
03_GOVERNANCE_EVIDENCE_READONLY/review-session/REVISED_SPEC_CANDIDATE/04_integration/FREEZE_CHECKLIST.md,1352,d164ab6899c8e3d5f691c6b394cc2430cf67c93709d0d14bb497a8b94f49d279,GOVERNANCE_EVIDENCE_IMMUTABLE,NORMALIZED
03_GOVERNANCE_EVIDENCE_READONLY/review-session/REVISED_SPEC_CANDIDATE/04_integration/LOCAL_DEVELOPMENT.md,762,23a5ecd08d658e55487b984a796ac6a9b8d19d32a6c80b4804c757399287396f,GOVERNANCE_EVIDENCE_IMMUTABLE,NORMALIZED
03_GOVERNANCE_EVIDENCE_READONLY/review-session/REVISED_SPEC_CANDIDATE/04_integration/SECURITY_MODEL.md,2455,462d37643ea97f1a59ba037d200deae952a0f48226258570096987f50098ddea,GOVERNANCE_EVIDENCE_IMMUTABLE,NORMALIZED
03_GOVERNANCE_EVIDENCE_READONLY/review-session/REVISED_SPEC_CANDIDATE/04_integration/TEST_STRATEGY.md,2044,5c4b8b36ae1eff268d60cc9dccbb1d1bf731d3bd4e0dae2484ee4366d350bb38,GOVERNANCE_EVIDENCE_IMMUTABLE,NORMALIZED
03_GOVERNANCE_EVIDENCE_READONLY/review-session/REVISED_SPEC_CANDIDATE/06_adrs/ADR-001_MODULAR_POLYREPO.md,696,ec0fe94c5ffb0d17decb90c9a28ada33193eaf7361ca7e389973c59f549818b7,GOVERNANCE_EVIDENCE_IMMUTABLE,NORMALIZED
03_GOVERNANCE_EVIDENCE_READONLY/review-session/REVISED_SPEC_CANDIDATE/06_adrs/ADR-002_CANONICAL_STATE.md,553,63407d8503675a5487738260d54e586ce5146acd6fd6249951f02c0434176bd0,GOVERNANCE_EVIDENCE_IMMUTABLE,NORMALIZED
03_GOVERNANCE_EVIDENCE_READONLY/review-session/REVISED_SPEC_CANDIDATE/06_adrs/ADR-003_PROVIDER_ABSTRACTION.md,546,5aefe949b3496d96466645000d07c185181a3fe99c17849fc15344f1fb376db7,GOVERNANCE_EVIDENCE_IMMUTABLE,NORMALIZED
03_GOVERNANCE_EVIDENCE_READONLY/review-session/REVISED_SPEC_CANDIDATE/06_adrs/ADR-004_DUAL_FLOW_EXECUTION.md,592,9b8434cd7470d415f78b073602e69e3c51ef1ecc0d900a0889a6e44b84c3c8a0,GOVERNANCE_EVIDENCE_IMMUTABLE,NORMALIZED
03_GOVERNANCE_EVIDENCE_READONLY/review-session/REVISED_SPEC_CANDIDATE/06_adrs/ADR-005_LLM_STATE_MUTATION.md,532,65bde761654cefca16236329cc0e436f073c1611d02f548104ee766fbd4d4525,GOVERNANCE_EVIDENCE_IMMUTABLE,NORMALIZED
03_GOVERNANCE_EVIDENCE_READONLY/review-session/REVISED_SPEC_CANDIDATE/06_adrs/ADR-006_RETRY_POLICY.md,508,5e48a93e699eb58c4911b78d67ab5b56c24b76bee69e6e6edba5521b43feb489,GOVERNANCE_EVIDENCE_IMMUTABLE,NORMALIZED
03_GOVERNANCE_EVIDENCE_READONLY/review-session/REVISED_SPEC_CANDIDATE/06_adrs/ADR-007_BROWSER_SECURITY.md,541,e25b437db993f1cbfeaac686fc38ba21e2d4316dcedbd7945eb1520bf2593d06,GOVERNANCE_EVIDENCE_IMMUTABLE,NORMALIZED
03_GOVERNANCE_EVIDENCE_READONLY/review-session/REVISED_SPEC_CANDIDATE/06_adrs/ADR-008_WORKFLOW_ENGINE.md,579,6e33e8b66988dac4a13cab34e71c96767f70dbfc1939cf42b65866585f2cdea4,GOVERNANCE_EVIDENCE_IMMUTABLE,NORMALIZED
03_GOVERNANCE_EVIDENCE_READONLY/review-session/REVISED_SPEC_CANDIDATE/05_phases/BUILD_ORDER.md,1532,3abb8c7c4be9dcb698771da8ec8a3b919685ed9c77d10a5ea338691f5b8fe813,GOVERNANCE_EVIDENCE_IMMUTABLE,NORMALIZED
03_GOVERNANCE_EVIDENCE_READONLY/review-session/REVISED_SPEC_CANDIDATE/05_phases/PHASE_0_BENCHMARK.md,2129,8ebe179dd9744e70034d86bb3d20a7211fb75af8d8e2fc313b4729e34f563b6e,GOVERNANCE_EVIDENCE_IMMUTABLE,NORMALIZED
03_GOVERNANCE_EVIDENCE_READONLY/review-session/REVISED_SPEC_CANDIDATE/05_phases/PHASE_ROADMAP.md,1837,95e81269b851c0142babf8230cbd2c28ed6f8a47de9b19a9a785a482cda02904,GOVERNANCE_EVIDENCE_IMMUTABLE,NORMALIZED
03_GOVERNANCE_EVIDENCE_READONLY/review-session/REVISED_SPEC_CANDIDATE/08_evidence/REQUIREMENT_TRACEABILITY.md,1680,86b8d9bca722ff7ca377dad235bedad5ffa5d98a53880ff1cb83a02a7614146c,GOVERNANCE_EVIDENCE_IMMUTABLE,NORMALIZED
03_GOVERNANCE_EVIDENCE_READONLY/review-session/REVISED_SPEC_CANDIDATE/08_evidence/SOURCE_LEDGER.md,3413,cd791ac8e2ce129cf6abb0f0467382ac9596b20db7cf42ccbd1d9f8f8dc1262f,GOVERNANCE_EVIDENCE_IMMUTABLE,NORMALIZED
03_GOVERNANCE_EVIDENCE_READONLY/review-session/REVISED_SPEC_CANDIDATE/01_master/DATA_MODEL.md,3173,53c49b09be2675a3c76b70c1171c92711d9fe541989f9d94219d301228dcee92,GOVERNANCE_EVIDENCE_IMMUTABLE,NORMALIZED
03_GOVERNANCE_EVIDENCE_READONLY/review-session/REVISED_SPEC_CANDIDATE/01_master/MASTER_BLUEPRINT.md,8760,5b9559a6ef71c9ce96b66ca9fecc5bcdf491864f02ea6583f62779f2731fc3eb,GOVERNANCE_EVIDENCE_IMMUTABLE,NORMALIZED
03_GOVERNANCE_EVIDENCE_READONLY/review-session/REVISED_SPEC_CANDIDATE/01_master/REPOSITORY_STRATEGY.md,1720,64d05bb86f5cae3568ad6c7bf6a1dd24f04c55caa792fb0f610c582b85b9cbc2,GOVERNANCE_EVIDENCE_IMMUTABLE,NORMALIZED
03_GOVERNANCE_EVIDENCE_READONLY/review-session/REVISED_SPEC_CANDIDATE/01_master/SYSTEM_INVARIANTS.md,1902,1c1457004848af54606da00817f7f8df282119dea121e2a5ff324663d5db73b9,GOVERNANCE_EVIDENCE_IMMUTABLE,NORMALIZED
03_GOVERNANCE_EVIDENCE_READONLY/review-session/REVISED_SPEC_CANDIDATE/03_repo_blueprints/R01_CONTRACTS.md,3525,1990e0e2f97c97469c41a85b28c1d8b51d894cd4421117cf4ddf06bf67cde6c7,GOVERNANCE_EVIDENCE_IMMUTABLE,NORMALIZED
03_GOVERNANCE_EVIDENCE_READONLY/review-session/REVISED_SPEC_CANDIDATE/03_repo_blueprints/R02_CORE_STATE.md,3845,e320f42031e69d9e16a297ec2830283cebdc1863bde82d2d53be158f58c6c0dd,GOVERNANCE_EVIDENCE_IMMUTABLE,NORMALIZED
03_GOVERNANCE_EVIDENCE_READONLY/review-session/REVISED_SPEC_CANDIDATE/03_repo_blueprints/R03_CREATIVE.md,3735,2f63497ba76acf0a61d9dd6335008de9660af3adde2f5fcd9734605f74eddc36,GOVERNANCE_EVIDENCE_IMMUTABLE,NORMALIZED
03_GOVERNANCE_EVIDENCE_READONLY/review-session/REVISED_SPEC_CANDIDATE/03_repo_blueprints/R04_ASSETS_CONTINUITY.md,3873,4162cccfcc47a757c89e91e52ce7c827f7e8f88ebd1b72484f37675d77490af4,GOVERNANCE_EVIDENCE_IMMUTABLE,NORMALIZED
03_GOVERNANCE_EVIDENCE_READONLY/review-session/REVISED_SPEC_CANDIDATE/03_repo_blueprints/R05_PROMPT_COMPILER.md,3631,e53e759c5bb790b5905a8d556c187a438fd79ca713357a25fe63bf514f932ecf,GOVERNANCE_EVIDENCE_IMMUTABLE,NORMALIZED
03_GOVERNANCE_EVIDENCE_READONLY/review-session/REVISED_SPEC_CANDIDATE/03_repo_blueprints/R06_WORKFLOW.md,3838,c4e8535c33b1ef8bd64388a59e6a685b8a718e0b8095259053423ed755565040,GOVERNANCE_EVIDENCE_IMMUTABLE,NORMALIZED
03_GOVERNANCE_EVIDENCE_READONLY/review-session/REVISED_SPEC_CANDIDATE/03_repo_blueprints/R07_PROVIDER_SDK.md,3561,4bb25dcdb3603071dc3fd495e5a9ca26876cf70d236f2a58a6d4cefc3236c0d2,GOVERNANCE_EVIDENCE_IMMUTABLE,NORMALIZED
03_GOVERNANCE_EVIDENCE_READONLY/review-session/REVISED_SPEC_CANDIDATE/03_repo_blueprints/R08_GOOGLE_FLOW_ADAPTER.md,3744,394fc53f419c8a7e498556694aff826d488c08a613d80a607fd03d68e95e9674,GOVERNANCE_EVIDENCE_IMMUTABLE,NORMALIZED
03_GOVERNANCE_EVIDENCE_READONLY/review-session/REVISED_SPEC_CANDIDATE/03_repo_blueprints/R09A_R10_GOOGLE_FLOW_EXECUTION_OPTIONS.md,5705,734d5526fe52a5770824150f1615828144f12ad745ea06d9df062e3ad72eea38,GOVERNANCE_EVIDENCE_IMMUTABLE,NORMALIZED
03_GOVERNANCE_EVIDENCE_READONLY/review-session/REVISED_SPEC_CANDIDATE/03_repo_blueprints/R09_BROWSER_WORKER.md,4430,663ec27313980d2cb4aabfffd524ff02e2ea34d316c63844a7c46a319128752f,GOVERNANCE_EVIDENCE_IMMUTABLE,NORMALIZED
03_GOVERNANCE_EVIDENCE_READONLY/review-session/REVISED_SPEC_CANDIDATE/03_repo_blueprints/R10_FLOWKIT_BRIDGE.md,4228,8c3316e7712513e4061ea8dae3d8a8c9391671d95b63843b8106819f30c65fde,GOVERNANCE_EVIDENCE_IMMUTABLE,NORMALIZED
03_GOVERNANCE_EVIDENCE_READONLY/review-session/REVISED_SPEC_CANDIDATE/03_repo_blueprints/R11_QC.md,3661,1b672a6057f5abd174173bcf49c49ae2b9b5d2ebf88ad67c13a02be25e7acf8d,GOVERNANCE_EVIDENCE_IMMUTABLE,NORMALIZED
03_GOVERNANCE_EVIDENCE_READONLY/review-session/REVISED_SPEC_CANDIDATE/03_repo_blueprints/R12_MEDIA.md,3581,b26269f2674a649b5e75b02ace6b86232b7939867657693fa04119e54bbc1685,GOVERNANCE_EVIDENCE_IMMUTABLE,NORMALIZED
03_GOVERNANCE_EVIDENCE_READONLY/review-session/REVISED_SPEC_CANDIDATE/03_repo_blueprints/R13_OPERATOR_CONSOLE.md,3423,7a06049a253b56c0e4dcb9d69bb1d7da6687fe291a5c8032323dac4adabb3abb,GOVERNANCE_EVIDENCE_IMMUTABLE,NORMALIZED
03_GOVERNANCE_EVIDENCE_READONLY/review-session/REVISED_SPEC_CANDIDATE/03_repo_blueprints/R14_PLATFORM_OBSERVABILITY.md,3429,38d122a4e0e6e658e8b79726a10f6a86370f57aae36c33e6aedd713b497d4322,GOVERNANCE_EVIDENCE_IMMUTABLE,NORMALIZED
03_GOVERNANCE_EVIDENCE_READONLY/review-session/REVISED_SPEC_CANDIDATE/03_repo_blueprints/R15_INTEGRATION_HARNESS.md,3636,7c510e18e28c8cb86c5236452e9919593f8e20caa932686cc764be670f838e16,GOVERNANCE_EVIDENCE_IMMUTABLE,NORMALIZED
03_GOVERNANCE_EVIDENCE_READONLY/review-session/REVISED_SPEC_CANDIDATE/07_risk/RISK_REGISTER.md,2184,4d02608bc3a256a0e4f61860d8b39161e66750971ac61486c153141076b7aba9,GOVERNANCE_EVIDENCE_IMMUTABLE,NORMALIZED
03_GOVERNANCE_EVIDENCE_READONLY/review-session/REVISED_SPEC_CANDIDATE/09_agent_packets/AGENT_BUILD_PACKET_INDEX.md,1396,6ba0ebb7a1c0876bf4ee5f224fd68bc22f1885f6d31ada03ca083281ff14a58b,GOVERNANCE_EVIDENCE_IMMUTABLE,NORMALIZED
03_GOVERNANCE_EVIDENCE_READONLY/review-session/REVISED_SPEC_CANDIDATE/09_agent_packets/BUILD_PACKET_TEMPLATE.md,577,397b8b4bad54051da85dd1a797e485108fd8c56cc88a460aa3240f4849390c2a,GOVERNANCE_EVIDENCE_IMMUTABLE,NORMALIZED
03_GOVERNANCE_EVIDENCE_READONLY/review-session/REVISED_SPEC_CANDIDATE/00_governance/00_REVIEWER_ENTRYPOINT.md,2224,470bd11ba8909cc98f3cb77e03d6ba3d082789f1736264a312df622269abe233,GOVERNANCE_EVIDENCE_IMMUTABLE,NORMALIZED
03_GOVERNANCE_EVIDENCE_READONLY/review-session/REVISED_SPEC_CANDIDATE/00_governance/01_SPEC_FREEZE_POLICY.md,1298,a8d6434086a95f9ca20e23b4ca7d6cbae1c00b06e88936280c1bfe9a921dcbda,GOVERNANCE_EVIDENCE_IMMUTABLE,NORMALIZED
03_GOVERNANCE_EVIDENCE_READONLY/review-session/REVISED_SPEC_CANDIDATE/00_governance/02_CHANGE_CONTROL.md,476,dccaa260ee2867874603beb7d18d90af68d1102fce543963c2ae098de253ae9c,GOVERNANCE_EVIDENCE_IMMUTABLE,NORMALIZED
03_GOVERNANCE_EVIDENCE_READONLY/review-session/REVISED_SPEC_CANDIDATE/00_governance/03_DEFINITION_OF_DONE.md,750,03b8b11b3fa4cba199d219517bfc3b05bef426f986e34c80f94d5e45194b3f03,GOVERNANCE_EVIDENCE_IMMUTABLE,NORMALIZED
03_GOVERNANCE_EVIDENCE_READONLY/review-session/REVISED_SPEC_CANDIDATE/00_governance/04_REVIEW_COMMENT_LOG_TEMPLATE.md,541,206171380cc88658f932ab53a4cbd0fbca3f72a384cab3d341980463094440a4,GOVERNANCE_EVIDENCE_IMMUTABLE,NORMALIZED
03_GOVERNANCE_EVIDENCE_READONLY/review-session/REVISED_SPEC_CANDIDATE/02_contracts/API_COMPATIBILITY_POLICY.md,830,7cc66c7c64b733f48bc7e3bd789b66aab6af29ebee1a9143ec68656d3e44caea,GOVERNANCE_EVIDENCE_IMMUTABLE,NORMALIZED
03_GOVERNANCE_EVIDENCE_READONLY/review-session/REVISED_SPEC_CANDIDATE/02_contracts/CONTRACTS_OVERVIEW.md,1445,c740544bcf4b55a39a85fe68b1483e059315bb651f21a42ed76ecea64c715f6c,GOVERNANCE_EVIDENCE_IMMUTABLE,NORMALIZED
03_GOVERNANCE_EVIDENCE_READONLY/review-session/REVISED_SPEC_CANDIDATE/02_contracts/STATUS_STATE_MACHINES.md,1072,0a69f4dfce1a6fc22785020eefd3e0f26bf0b9e9f3762915004514955cfc4ccd,GOVERNANCE_EVIDENCE_IMMUTABLE,NORMALIZED
03_GOVERNANCE_EVIDENCE_READONLY/review-session/REVISED_SPEC_CANDIDATE/02_contracts/browser-command.schema.json,1402,d15806c29525bbfe776177251c0d20548c41adb2c44e2970120b1881099a3454,GOVERNANCE_EVIDENCE_IMMUTABLE,NORMALIZED
03_GOVERNANCE_EVIDENCE_READONLY/review-session/REVISED_SPEC_CANDIDATE/02_contracts/domain-entities.schema.json,15030,13b534786a72be7771e420f9e31fbae6c869d3d5f215ed111195085aaf3609b7,GOVERNANCE_EVIDENCE_IMMUTABLE,NORMALIZED
03_GOVERNANCE_EVIDENCE_READONLY/review-session/REVISED_SPEC_CANDIDATE/02_contracts/event-envelope.schema.json,1200,d1cd13028b4c9e331d169dfeb3ad0c1d63dfb9b85916c0bbecf39e60c173d726,GOVERNANCE_EVIDENCE_IMMUTABLE,NORMALIZED
03_GOVERNANCE_EVIDENCE_READONLY/review-session/REVISED_SPEC_CANDIDATE/02_contracts/provider-request.schema.json,2122,b2cb52043df71799280d7505013d0d461bd4877103b461988c4dc39e9d1f9e4e,GOVERNANCE_EVIDENCE_IMMUTABLE,NORMALIZED
03_GOVERNANCE_EVIDENCE_READONLY/review-session/REVISED_SPEC_CANDIDATE/02_contracts/provider-result.schema.json,1905,70be8f576f9f0e840ed5c10d7130a8a27dc5014a935176b39cbac971f2a5aa74,GOVERNANCE_EVIDENCE_IMMUTABLE,NORMALIZED
04_TOOLING/prompts/historical/AUTONOMOUS_COUNCIL_MASTER.md,17624,3fedf5eeadf50a5f837ac0ccaf846cfc9baaddd79f7ad2763ab6403dda827ef8,HISTORICAL_PROMPT,NORMALIZED
04_TOOLING/prompts/historical/AUTONOMOUS_FREEZE_REMEDIATION_MASTER.md,19176,0a1637e072bdf97eafee6b7b096824e852b3ff94de1abbc54abf4163b72e6fc1,HISTORICAL_PROMPT,NORMALIZED
04_TOOLING/prompts/historical/FINAL_FREEZE_FORENSIC_AUDIT.md,11616,da77dc0a7489d6b991aa9d44e0631cbbd93488e7e8b149eca75ef8c0f5af3d6a,HISTORICAL_PROMPT,NORMALIZED
04_TOOLING/prompts/historical/FINAL_PACKAGE_HASH_CANONICALIZATION.md,3291,aa4f3988ca0e2c587c4e697cf349591502a2559b07db8769d47add8874b68a3f,HISTORICAL_PROMPT,NORMALIZED
04_TOOLING/prompts/historical/FINAL_REMEDIATED_CROSS_FAMILY_AUDIT.md,8190,192d16f27e1783b73950f067251076b99488349bee88a86726dfccecb9e76601,HISTORICAL_PROMPT,NORMALIZED
04_TOOLING/prompts/historical/FINAL_TARGETED_GOVERNANCE_PATCH.md,7598,1bc97d7d483e2ffb9c20b52d68d46d27bdc9bb84b2342d04323a5366b1b7043d,HISTORICAL_PROMPT,NORMALIZED
04_TOOLING/prompts/historical/PRE_IMPLEMENTATION_WORKSPACE_FREEZE_AND_NORMALIZE.md,17322,b5378064f5463d5680a48e3bee08c1a95e463d607aac0b2aa6fb3897e37bbf36,HISTORICAL_PROMPT,NORMALIZED
01_FROZEN_RELEASE/distributable/AVF_FINAL_FREEZE_v1.0.0_REMEDIATED.zip,96310,3605c2068d6e2afd759a06257f4b52e6cf117d754fc2d544bcc025da3c97dd9c,CANONICAL_RELEASE_ZIP,NORMALIZED
01_FROZEN_RELEASE/distributable/AVF_FINAL_FREEZE_v1.0.0_REMEDIATED.zip.sha256,105,d48264873371132db3137e960866f44b7ff7fafb1add556bd981d1c5e3d3dd4f,CANONICAL_SIDECAR,NORMALIZED
01_FROZEN_RELEASE/v1.0.0/CONTENT_HASHES.json,6578,5fc0fcfee03aed5e3ab0f480b40caacb151018d0810ba217c766e390e57a3b9f,FROZEN_BASELINE_V1.0.0,NORMALIZED
01_FROZEN_RELEASE/v1.0.0/FINAL_AUDIT_REPORT.md,146,8e3eb2febc6a4426a88a002e385ce38eb43b38007a1230c8c75e698d17b369cc,FROZEN_BASELINE_V1.0.0,NORMALIZED
01_FROZEN_RELEASE/v1.0.0/FINAL_CONTRACT_COMPATIBILITY_MATRIX.md,184,6798bf21ca6f6c67c43cb3f1132189dd8d0c80d3f38859072f1858376b53ca43,FROZEN_BASELINE_V1.0.0,NORMALIZED
01_FROZEN_RELEASE/v1.0.0/FINAL_DISSENT_REGISTER.md,104,5fd4572c48d6eff48e99a9efcdfaa7fc97a9bbf925387620b6eead9b59203059,FROZEN_BASELINE_V1.0.0,NORMALIZED
01_FROZEN_RELEASE/v1.0.0/FINAL_IMPLEMENTATION_HANDOFF_INDEX.md,163,63d97e1a597ffb590c163464ddf8d1277c56d9d587928085ad28b9829021add2,FROZEN_BASELINE_V1.0.0,NORMALIZED
01_FROZEN_RELEASE/v1.0.0/FINAL_PROTECTED_CAPABILITY_REPORT.md,483,fe51e4699c58b1007fb145bc1d7a85d5289847323e03144da1bdf4ef04c56101,FROZEN_BASELINE_V1.0.0,NORMALIZED
01_FROZEN_RELEASE/v1.0.0/FINAL_REPO_DEPENDENCY_GRAPH.md,186,ad83f8a70a6f6e296beecf4795e8197a6c7a3324de0b48d417366dec8d71aef8,FROZEN_BASELINE_V1.0.0,NORMALIZED
01_FROZEN_RELEASE/v1.0.0/FINAL_REQUIREMENT_TRACEABILITY.md,241,8ff278dbac66902f720ab2b3cbfc4543bd0c4bdee9acbf370a4a71ebc8f87fdf,FROZEN_BASELINE_V1.0.0,NORMALIZED
01_FROZEN_RELEASE/v1.0.0/FINAL_RISK_REGISTER.md,186,ef363705bc034faeb98a8c45ed852827d48c38451b84c5eb0bc8a36b81d039f9,FROZEN_BASELINE_V1.0.0,NORMALIZED
01_FROZEN_RELEASE/v1.0.0/FINAL_SPEC_MANIFEST.md,7721,c80039863aa974804171efa225bbf8c9d80e081872752db2330f8177731950d6,FROZEN_BASELINE_V1.0.0,NORMALIZED
01_FROZEN_RELEASE/v1.0.0/FREEZE_CERTIFICATE.md,6796,bb293c652e090ff007555c7e2f0bc0943666f1dd71b965aca59572c0bfac9fcb,FROZEN_BASELINE_V1.0.0,NORMALIZED
01_FROZEN_RELEASE/v1.0.0/SPONSOR_PROXY_DECISION.md,437,35b33b1d912bb419d922db7ab86fdaa88f0d5c1c5ca4d7fc070503b6b7f65779,FROZEN_BASELINE_V1.0.0,NORMALIZED
01_FROZEN_RELEASE/v1.0.0/FROZEN_SPEC_CANDIDATE/COMMITTEE_REVIEW_EDITION.md,181,70acfd5463b738c3f7187ae24012b5fabd59bb8b40d9f360112ebe11dbe64277,FROZEN_BASELINE_V1.0.0,NORMALIZED
01_FROZEN_RELEASE/v1.0.0/FROZEN_SPEC_CANDIDATE/CONTENT_HASHES.json,6578,5fc0fcfee03aed5e3ab0f480b40caacb151018d0810ba217c766e390e57a3b9f,FROZEN_BASELINE_V1.0.0,NORMALIZED
01_FROZEN_RELEASE/v1.0.0/FROZEN_SPEC_CANDIDATE/KIT_MANIFEST.yaml,7520,7e860e5919b6155e0165dab980b889947dcdcd3eabac5dd492cd7354d6d8685b,FROZEN_BASELINE_V1.0.0,NORMALIZED
01_FROZEN_RELEASE/v1.0.0/FROZEN_SPEC_CANDIDATE/README.md,1181,534e1c0559b7977f2f1271231faa9f0f89a7adee29929659b0a87717e4cd03c2,FROZEN_BASELINE_V1.0.0,NORMALIZED
01_FROZEN_RELEASE/v1.0.0/FROZEN_SPEC_CANDIDATE/VERSION,6,59854984853104df5c353e2f681a15fc7924742f9a2e468c29af248dce45ce03,FROZEN_BASELINE_V1.0.0,NORMALIZED
01_FROZEN_RELEASE/v1.0.0/FROZEN_SPEC_CANDIDATE/verify_package.py,1471,694f482f09fa0be78d7b5abc1f2fb6d2f9c19b040e6f76ab30ed077fc87c9c43,FROZEN_BASELINE_V1.0.0,NORMALIZED
01_FROZEN_RELEASE/v1.0.0/FROZEN_SPEC_CANDIDATE/04_integration/COMMAND_EVENT_CATALOG.md,1947,e455f75910a4ab00b6beb7cea9341ccfd1039658e87ebbf1cb0bcd9b090c1742,FROZEN_BASELINE_V1.0.0,NORMALIZED
01_FROZEN_RELEASE/v1.0.0/FROZEN_SPEC_CANDIDATE/04_integration/DEPENDENCY_GRAPH.md,2162,8298b0d617ff085a869b1ee8bd91ba14b47c22419bf3ecbd4e9c2985271e5c8b,FROZEN_BASELINE_V1.0.0,NORMALIZED
01_FROZEN_RELEASE/v1.0.0/FROZEN_SPEC_CANDIDATE/04_integration/E2E_INTEGRATION_PROTOCOL.md,1633,516be120e98bae406fd9986e71f0907a74460ed97d67fbb97008872d729c5d58,FROZEN_BASELINE_V1.0.0,NORMALIZED
01_FROZEN_RELEASE/v1.0.0/FROZEN_SPEC_CANDIDATE/04_integration/FREEZE_CHECKLIST.md,1352,d164ab6899c8e3d5f691c6b394cc2430cf67c93709d0d14bb497a8b94f49d279,FROZEN_BASELINE_V1.0.0,NORMALIZED
01_FROZEN_RELEASE/v1.0.0/FROZEN_SPEC_CANDIDATE/04_integration/LOCAL_DEVELOPMENT.md,762,23a5ecd08d658e55487b984a796ac6a9b8d19d32a6c80b4804c757399287396f,FROZEN_BASELINE_V1.0.0,NORMALIZED
01_FROZEN_RELEASE/v1.0.0/FROZEN_SPEC_CANDIDATE/04_integration/SECURITY_MODEL.md,1010,d94831e47edaae84e0c561b23b731b68e532c3d0bb926bdd73143d323b476216,FROZEN_BASELINE_V1.0.0,NORMALIZED
01_FROZEN_RELEASE/v1.0.0/FROZEN_SPEC_CANDIDATE/04_integration/TEST_STRATEGY.md,2044,5c4b8b36ae1eff268d60cc9dccbb1d1bf731d3bd4e0dae2484ee4366d350bb38,FROZEN_BASELINE_V1.0.0,NORMALIZED
01_FROZEN_RELEASE/v1.0.0/FROZEN_SPEC_CANDIDATE/06_adrs/ADR-001_MODULAR_POLYREPO.md,696,ec0fe94c5ffb0d17decb90c9a28ada33193eaf7361ca7e389973c59f549818b7,FROZEN_BASELINE_V1.0.0,NORMALIZED
01_FROZEN_RELEASE/v1.0.0/FROZEN_SPEC_CANDIDATE/06_adrs/ADR-002_CANONICAL_STATE.md,553,63407d8503675a5487738260d54e586ce5146acd6fd6249951f02c0434176bd0,FROZEN_BASELINE_V1.0.0,NORMALIZED
01_FROZEN_RELEASE/v1.0.0/FROZEN_SPEC_CANDIDATE/06_adrs/ADR-003_PROVIDER_ABSTRACTION.md,546,5aefe949b3496d96466645000d07c185181a3fe99c17849fc15344f1fb376db7,FROZEN_BASELINE_V1.0.0,NORMALIZED
01_FROZEN_RELEASE/v1.0.0/FROZEN_SPEC_CANDIDATE/06_adrs/ADR-004_DUAL_FLOW_EXECUTION.md,592,9b8434cd7470d415f78b073602e69e3c51ef1ecc0d900a0889a6e44b84c3c8a0,FROZEN_BASELINE_V1.0.0,NORMALIZED
01_FROZEN_RELEASE/v1.0.0/FROZEN_SPEC_CANDIDATE/06_adrs/ADR-005_LLM_STATE_MUTATION.md,532,65bde761654cefca16236329cc0e436f073c1611d02f548104ee766fbd4d4525,FROZEN_BASELINE_V1.0.0,NORMALIZED
01_FROZEN_RELEASE/v1.0.0/FROZEN_SPEC_CANDIDATE/06_adrs/ADR-006_RETRY_POLICY.md,508,5e48a93e699eb58c4911b78d67ab5b56c24b76bee69e6e6edba5521b43feb489,FROZEN_BASELINE_V1.0.0,NORMALIZED
01_FROZEN_RELEASE/v1.0.0/FROZEN_SPEC_CANDIDATE/06_adrs/ADR-007_BROWSER_SECURITY.md,541,e25b437db993f1cbfeaac686fc38ba21e2d4316dcedbd7945eb1520bf2593d06,FROZEN_BASELINE_V1.0.0,NORMALIZED
01_FROZEN_RELEASE/v1.0.0/FROZEN_SPEC_CANDIDATE/06_adrs/ADR-008_WORKFLOW_ENGINE.md,579,6e33e8b66988dac4a13cab34e71c96767f70dbfc1939cf42b65866585f2cdea4,FROZEN_BASELINE_V1.0.0,NORMALIZED
01_FROZEN_RELEASE/v1.0.0/FROZEN_SPEC_CANDIDATE/05_phases/BUILD_ORDER.md,1532,3abb8c7c4be9dcb698771da8ec8a3b919685ed9c77d10a5ea338691f5b8fe813,FROZEN_BASELINE_V1.0.0,NORMALIZED
01_FROZEN_RELEASE/v1.0.0/FROZEN_SPEC_CANDIDATE/05_phases/PHASE_0_BENCHMARK.md,2129,8ebe179dd9744e70034d86bb3d20a7211fb75af8d8e2fc313b4729e34f563b6e,FROZEN_BASELINE_V1.0.0,NORMALIZED
01_FROZEN_RELEASE/v1.0.0/FROZEN_SPEC_CANDIDATE/05_phases/PHASE_ROADMAP.md,1837,95e81269b851c0142babf8230cbd2c28ed6f8a47de9b19a9a785a482cda02904,FROZEN_BASELINE_V1.0.0,NORMALIZED
01_FROZEN_RELEASE/v1.0.0/FROZEN_SPEC_CANDIDATE/08_evidence/REQUIREMENT_TRACEABILITY.md,1680,86b8d9bca722ff7ca377dad235bedad5ffa5d98a53880ff1cb83a02a7614146c,FROZEN_BASELINE_V1.0.0,NORMALIZED
01_FROZEN_RELEASE/v1.0.0/FROZEN_SPEC_CANDIDATE/08_evidence/SOURCE_LEDGER.md,3413,cd791ac8e2ce129cf6abb0f0467382ac9596b20db7cf42ccbd1d9f8f8dc1262f,FROZEN_BASELINE_V1.0.0,NORMALIZED
01_FROZEN_RELEASE/v1.0.0/FROZEN_SPEC_CANDIDATE/01_master/DATA_MODEL.md,4068,817509f0b8130409edbbcb5b2879eddff81802f42297eb51f0dd20c28eace1cd,FROZEN_BASELINE_V1.0.0,NORMALIZED
01_FROZEN_RELEASE/v1.0.0/FROZEN_SPEC_CANDIDATE/01_master/MASTER_BLUEPRINT.md,8760,5b9559a6ef71c9ce96b66ca9fecc5bcdf491864f02ea6583f62779f2731fc3eb,FROZEN_BASELINE_V1.0.0,NORMALIZED
01_FROZEN_RELEASE/v1.0.0/FROZEN_SPEC_CANDIDATE/01_master/REPOSITORY_STRATEGY.md,1720,64d05bb86f5cae3568ad6c7bf6a1dd24f04c55caa792fb0f610c582b85b9cbc2,FROZEN_BASELINE_V1.0.0,NORMALIZED
01_FROZEN_RELEASE/v1.0.0/FROZEN_SPEC_CANDIDATE/01_master/SYSTEM_INVARIANTS.md,1902,1c1457004848af54606da00817f7f8df282119dea121e2a5ff324663d5db73b9,FROZEN_BASELINE_V1.0.0,NORMALIZED
01_FROZEN_RELEASE/v1.0.0/FROZEN_SPEC_CANDIDATE/03_repo_blueprints/R01_CONTRACTS.md,2590,526eaf58144d287e7fda91df7dd4a28e08da473032f7d70ed8941a1b1c1670e1,FROZEN_BASELINE_V1.0.0,NORMALIZED
01_FROZEN_RELEASE/v1.0.0/FROZEN_SPEC_CANDIDATE/03_repo_blueprints/R02_CORE_STATE.md,2592,798e0b57847a68487f236e5e9377fd55f9b0555fd26066662fcacfb185c10c2d,FROZEN_BASELINE_V1.0.0,NORMALIZED
01_FROZEN_RELEASE/v1.0.0/FROZEN_SPEC_CANDIDATE/03_repo_blueprints/R03_CREATIVE.md,2601,1a04ebb06d8b518d56233ac8573310690b8b69e55452d03aa3fc6b4ee45645d3,FROZEN_BASELINE_V1.0.0,NORMALIZED
01_FROZEN_RELEASE/v1.0.0/FROZEN_SPEC_CANDIDATE/03_repo_blueprints/R04_ASSETS_CONTINUITY.md,2610,7ebbb29879ed2d7d87cbf5a4983fe11bee6c468c23622d7d10f1892e5459bec5,FROZEN_BASELINE_V1.0.0,NORMALIZED
01_FROZEN_RELEASE/v1.0.0/FROZEN_SPEC_CANDIDATE/03_repo_blueprints/R05_PROMPT_COMPILER.md,2624,ab7a3b428b71a14bba4666dbc9a127f5d29486d42cea8577e55b8fe39ea0463c,FROZEN_BASELINE_V1.0.0,NORMALIZED
01_FROZEN_RELEASE/v1.0.0/FROZEN_SPEC_CANDIDATE/03_repo_blueprints/R06_WORKFLOW.md,2614,14b935b2761f76a160784dcb8eb1c967d0ec89f71c36e2f9d4ed8955ae96fde6,FROZEN_BASELINE_V1.0.0,NORMALIZED
01_FROZEN_RELEASE/v1.0.0/FROZEN_SPEC_CANDIDATE/03_repo_blueprints/R07_PROVIDER_SDK.md,2617,ddef2891c665b992babb1164b030986b83a8f10aa01b7e68b80af83fd9e41c44,FROZEN_BASELINE_V1.0.0,NORMALIZED
01_FROZEN_RELEASE/v1.0.0/FROZEN_SPEC_CANDIDATE/03_repo_blueprints/R08_GOOGLE_FLOW_ADAPTER.md,2630,b58c39233e651170595c111baffae1f80b3b0a7cc09df89883b9bc480d6d5212,FROZEN_BASELINE_V1.0.0,NORMALIZED
01_FROZEN_RELEASE/v1.0.0/FROZEN_SPEC_CANDIDATE/03_repo_blueprints/R09A_R10_GOOGLE_FLOW_EXECUTION_OPTIONS.md,5705,734d5526fe52a5770824150f1615828144f12ad745ea06d9df062e3ad72eea38,FROZEN_BASELINE_V1.0.0,NORMALIZED
01_FROZEN_RELEASE/v1.0.0/FROZEN_SPEC_CANDIDATE/03_repo_blueprints/R09_BROWSER_WORKER.md,2629,3ffbae5c7dab55f74e1a0fc6342983f297fb5dd0c85665ccb0e5f3c1f55fdb33,FROZEN_BASELINE_V1.0.0,NORMALIZED
01_FROZEN_RELEASE/v1.0.0/FROZEN_SPEC_CANDIDATE/03_repo_blueprints/R10_FLOWKIT_BRIDGE.md,2593,5d7405e32610f3541aaaf3d1cd967f08e092f0f98bdcc8542eb8e92506ad93a6,FROZEN_BASELINE_V1.0.0,NORMALIZED
01_FROZEN_RELEASE/v1.0.0/FROZEN_SPEC_CANDIDATE/03_repo_blueprints/R11_QC.md,2626,bc16875e78b992fd5a27116c3433bec91181475e0c1b639d5c228d7b9e763807,FROZEN_BASELINE_V1.0.0,NORMALIZED
01_FROZEN_RELEASE/v1.0.0/FROZEN_SPEC_CANDIDATE/03_repo_blueprints/R12_MEDIA.md,2612,0d16ef55b0dd6bc3b2d68981cadb02e965481140a5d5fd08692ae53de6680352,FROZEN_BASELINE_V1.0.0,NORMALIZED
01_FROZEN_RELEASE/v1.0.0/FROZEN_SPEC_CANDIDATE/03_repo_blueprints/R13_OPERATOR_CONSOLE.md,2621,76e9dec259dc6a04f079a23a8f21a7a9253171305782d4643d5596525698e7ac,FROZEN_BASELINE_V1.0.0,NORMALIZED
01_FROZEN_RELEASE/v1.0.0/FROZEN_SPEC_CANDIDATE/03_repo_blueprints/R14_PLATFORM_OBSERVABILITY.md,2643,a0bc8a851959e6b13a48fcb4a75ebc0c2ef3904e60085f130316c68208efd0d7,FROZEN_BASELINE_V1.0.0,NORMALIZED
01_FROZEN_RELEASE/v1.0.0/FROZEN_SPEC_CANDIDATE/03_repo_blueprints/R15_INTEGRATION_HARNESS.md,2630,622958e41375f9bbcd3fe9083af359f1130c0b8626204d18c750fa6130562f34,FROZEN_BASELINE_V1.0.0,NORMALIZED
01_FROZEN_RELEASE/v1.0.0/FROZEN_SPEC_CANDIDATE/07_risk/RISK_REGISTER.md,2184,4d02608bc3a256a0e4f61860d8b39161e66750971ac61486c153141076b7aba9,FROZEN_BASELINE_V1.0.0,NORMALIZED
01_FROZEN_RELEASE/v1.0.0/FROZEN_SPEC_CANDIDATE/09_agent_packets/AGENT_BUILD_PACKET_INDEX.md,2209,91162bd7002a7444b5f297192b8893a6678c389a56f351a274c86ec3ddc49657,FROZEN_BASELINE_V1.0.0,NORMALIZED
01_FROZEN_RELEASE/v1.0.0/FROZEN_SPEC_CANDIDATE/09_agent_packets/BUILD_PACKET_TEMPLATE.md,577,397b8b4bad54051da85dd1a797e485108fd8c56cc88a460aa3240f4849390c2a,FROZEN_BASELINE_V1.0.0,NORMALIZED
01_FROZEN_RELEASE/v1.0.0/FROZEN_SPEC_CANDIDATE/00_governance/00_REVIEWER_ENTRYPOINT.md,2224,470bd11ba8909cc98f3cb77e03d6ba3d082789f1736264a312df622269abe233,FROZEN_BASELINE_V1.0.0,NORMALIZED
01_FROZEN_RELEASE/v1.0.0/FROZEN_SPEC_CANDIDATE/00_governance/01_SPEC_FREEZE_POLICY.md,1298,a8d6434086a95f9ca20e23b4ca7d6cbae1c00b06e88936280c1bfe9a921dcbda,FROZEN_BASELINE_V1.0.0,NORMALIZED
01_FROZEN_RELEASE/v1.0.0/FROZEN_SPEC_CANDIDATE/00_governance/02_CHANGE_CONTROL.md,476,dccaa260ee2867874603beb7d18d90af68d1102fce543963c2ae098de253ae9c,FROZEN_BASELINE_V1.0.0,NORMALIZED
01_FROZEN_RELEASE/v1.0.0/FROZEN_SPEC_CANDIDATE/00_governance/03_DEFINITION_OF_DONE.md,750,03b8b11b3fa4cba199d219517bfc3b05bef426f986e34c80f94d5e45194b3f03,FROZEN_BASELINE_V1.0.0,NORMALIZED
01_FROZEN_RELEASE/v1.0.0/FROZEN_SPEC_CANDIDATE/00_governance/04_REVIEW_COMMENT_LOG_TEMPLATE.md,541,206171380cc88658f932ab53a4cbd0fbca3f72a384cab3d341980463094440a4,FROZEN_BASELINE_V1.0.0,NORMALIZED
01_FROZEN_RELEASE/v1.0.0/FROZEN_SPEC_CANDIDATE/02_contracts/API_COMPATIBILITY_POLICY.md,830,7cc66c7c64b733f48bc7e3bd789b66aab6af29ebee1a9143ec68656d3e44caea,FROZEN_BASELINE_V1.0.0,NORMALIZED
01_FROZEN_RELEASE/v1.0.0/FROZEN_SPEC_CANDIDATE/02_contracts/CONTRACTS_OVERVIEW.md,2686,d396f060d370d7dfc6d253bab42a876ce7cca8567ec8eb7353873b4ea31d1738,FROZEN_BASELINE_V1.0.0,NORMALIZED
01_FROZEN_RELEASE/v1.0.0/FROZEN_SPEC_CANDIDATE/02_contracts/STATUS_STATE_MACHINES.md,2817,63b3745c384662937da2aecad2f913768917d294f6a9ca17173300fbd656440f,FROZEN_BASELINE_V1.0.0,NORMALIZED
01_FROZEN_RELEASE/v1.0.0/FROZEN_SPEC_CANDIDATE/02_contracts/browser-command.schema.json,8287,472d16ac2b5978e4c7195b34d85fee56e11ec45a4e20455839025d8e54c0d74f,FROZEN_BASELINE_V1.0.0,NORMALIZED
01_FROZEN_RELEASE/v1.0.0/FROZEN_SPEC_CANDIDATE/02_contracts/domain-entities.schema.json,13994,293c3de1d0655f01008e66e26e6d7832be0fc68ffcc9f78fd80075caf71d20ba,FROZEN_BASELINE_V1.0.0,NORMALIZED
01_FROZEN_RELEASE/v1.0.0/FROZEN_SPEC_CANDIDATE/02_contracts/event-envelope.schema.json,1390,cf8f21c92604312603cca820db34ec489221212d9d343d21ee51da88000a3cad,FROZEN_BASELINE_V1.0.0,NORMALIZED
01_FROZEN_RELEASE/v1.0.0/FROZEN_SPEC_CANDIDATE/02_contracts/flow-execution-result.schema.json,2306,a2a3fedf77750db3e6fc269917b4814b1ce20d9f147eb0e7381da0c58a88750f,FROZEN_BASELINE_V1.0.0,NORMALIZED
01_FROZEN_RELEASE/v1.0.0/FROZEN_SPEC_CANDIDATE/02_contracts/provider-request.schema.json,2364,64cb9a7a1d45b4aa480a20addb13b86153ae47faa553fc47cdec812fa23908b7,FROZEN_BASELINE_V1.0.0,NORMALIZED
01_FROZEN_RELEASE/v1.0.0/FROZEN_SPEC_CANDIDATE/02_contracts/provider-result.schema.json,2810,7e8f8936cb5fd21d5c3cb98576b95e08e1d6b89b8811b5c886ae2c236cd66589,FROZEN_BASELINE_V1.0.0,NORMALIZED
90_ARCHIVE_READONLY/superseded-releases/AVF_FINAL_FREEZE_v1.0.0.zip,114600,aaf66ed0076f209a6d9a1ee420fc3dd490c0250d7fe652da0b826a4af54ee193,ARCHIVE_IMMUTABLE,NORMALIZED
90_ARCHIVE_READONLY/superseded-releases/FINAL_REMEDIATED_FORENSIC_AUDIT.zip,42122,4946c685e35cbe53ee90ae659ca1ed58121b7db511619c63aef5c47210277e6e,ARCHIVE_IMMUTABLE,NORMALIZED
02_SOURCE_KITS_READONLY/AI_VIDEO_FACTORY_COUNCIL_PROMPT_KIT_v1.1.0/FILE_HASHES.json,13947,14518ecdcb749a41d833a5f9ebe030b66a0e4765eb6f4a966d81f8af39c176c7,SOURCE_KIT_IMMUTABLE,NORMALIZED
02_SOURCE_KITS_READONLY/AI_VIDEO_FACTORY_COUNCIL_PROMPT_KIT_v1.1.0/KIT_MANIFEST.json,1790,4cd5d79f7c7289b4e18a80c7850b4ea705e83d0e84bd240f2b596ed681c054c9,SOURCE_KIT_IMMUTABLE,NORMALIZED
02_SOURCE_KITS_READONLY/AI_VIDEO_FACTORY_COUNCIL_PROMPT_KIT_v1.1.0/README.md,4239,826673e8d693d1e368187a037dc086280b4b0afef044cbe0cb7513243cc59e68,SOURCE_KIT_IMMUTABLE,NORMALIZED
02_SOURCE_KITS_READONLY/AI_VIDEO_FACTORY_COUNCIL_PROMPT_KIT_v1.1.0/03_COUNCIL_ROUNDS/C00_BOOTSTRAP_AND_EVIDENCE.md,1075,e142d926c92fce84de786c4d4b1ab66dd0f7089b4898a22c8ac2fb4aacbb4fbb,SOURCE_KIT_IMMUTABLE,NORMALIZED
02_SOURCE_KITS_READONLY/AI_VIDEO_FACTORY_COUNCIL_PROMPT_KIT_v1.1.0/03_COUNCIL_ROUNDS/C01_INDEPENDENT_REVIEW.md,1034,21b64896d2d15fd601733e77054dd3589a1cdf9e32d42d49eaab9e88c5b5eea3,SOURCE_KIT_IMMUTABLE,NORMALIZED
02_SOURCE_KITS_READONLY/AI_VIDEO_FACTORY_COUNCIL_PROMPT_KIT_v1.1.0/03_COUNCIL_ROUNDS/C02_CROSS_EXAMINATION.md,936,866ec56f7ebd8a944af5694683e3758b72031618a8b691fb0ba4b6c1f0e5f5ae,SOURCE_KIT_IMMUTABLE,NORMALIZED
02_SOURCE_KITS_READONLY/AI_VIDEO_FACTORY_COUNCIL_PROMPT_KIT_v1.1.0/03_COUNCIL_ROUNDS/C03_SOLUTION_DESIGN.md,1052,daded283f4e51f04bfefefe3044d881615d1a7c4057d8ff91e641947ae25f975,SOURCE_KIT_IMMUTABLE,NORMALIZED
02_SOURCE_KITS_READONLY/AI_VIDEO_FACTORY_COUNCIL_PROMPT_KIT_v1.1.0/03_COUNCIL_ROUNDS/C04_CHANGESET_VOTING.md,1062,47d8049e4179d54a8fa3d0bdbabf1a463df1aa65d47560b483748e314f4380c7,SOURCE_KIT_IMMUTABLE,NORMALIZED
02_SOURCE_KITS_READONLY/AI_VIDEO_FACTORY_COUNCIL_PROMPT_KIT_v1.1.0/03_COUNCIL_ROUNDS/C05_ADVERSARIAL_AUDIT.md,1084,dad08ad7a49ad58abf338478862ebc184f55d4a400d880d6c8831a3aee8d7957,SOURCE_KIT_IMMUTABLE,NORMALIZED
02_SOURCE_KITS_READONLY/AI_VIDEO_FACTORY_COUNCIL_PROMPT_KIT_v1.1.0/03_COUNCIL_ROUNDS/C06_FREEZE_READINESS.md,876,44cc4f4004ee228c0f348a227605d8251033717ea6ea3551a4b950e8a1790ab5,SOURCE_KIT_IMMUTABLE,NORMALIZED
02_SOURCE_KITS_READONLY/AI_VIDEO_FACTORY_COUNCIL_PROMPT_KIT_v1.1.0/03_COUNCIL_ROUNDS/C07_FREEZE_CERTIFICATION.md,876,06d6e0b8e826ac400c992c842c64bc2317b99ac39f616ad4e69bbb90fd97d751,SOURCE_KIT_IMMUTABLE,NORMALIZED
02_SOURCE_KITS_READONLY/AI_VIDEO_FACTORY_COUNCIL_PROMPT_KIT_v1.1.0/08_PHASE_PROMPTS/P0_ARCHITECTURAL_SPIKES.md,573,f5d6204fd705a44164087e774bb2e59fbedd02da24b1e3266b082b6e2af492d1,SOURCE_KIT_IMMUTABLE,NORMALIZED
02_SOURCE_KITS_READONLY/AI_VIDEO_FACTORY_COUNCIL_PROMPT_KIT_v1.1.0/08_PHASE_PROMPTS/P1_SINGLE_SHOT.md,366,ff967f9cde455731e68df779a5b32fa0fba0cc51ce3b74cfb3db7e9d1c116146,SOURCE_KIT_IMMUTABLE,NORMALIZED
02_SOURCE_KITS_READONLY/AI_VIDEO_FACTORY_COUNCIL_PROMPT_KIT_v1.1.0/08_PHASE_PROMPTS/P2_MULTI_SHOT_DURABILITY.md,314,ae12e5b1f40baf5295660aacae3a00054ba70d041b7fb7ebdb7c087e3a6be690,SOURCE_KIT_IMMUTABLE,NORMALIZED
02_SOURCE_KITS_READONLY/AI_VIDEO_FACTORY_COUNCIL_PROMPT_KIT_v1.1.0/08_PHASE_PROMPTS/P3_CREATIVE.md,281,9c3c82cd4a1d92a8212ebd024095f284a10345cacff03391ca53a5481cfbad42,SOURCE_KIT_IMMUTABLE,NORMALIZED
02_SOURCE_KITS_READONLY/AI_VIDEO_FACTORY_COUNCIL_PROMPT_KIT_v1.1.0/08_PHASE_PROMPTS/P4_ASSETS_CONTINUITY.md,265,dde670078c1c66c164fa516def0610da9564f799016412e1122cd27df7ffb9d3,SOURCE_KIT_IMMUTABLE,NORMALIZED
02_SOURCE_KITS_READONLY/AI_VIDEO_FACTORY_COUNCIL_PROMPT_KIT_v1.1.0/08_PHASE_PROMPTS/P5_QC.md,238,42cf3a025c70726cf5de05e108b0f778f9c93e2a5aeb818badf3c1482539ef77,SOURCE_KIT_IMMUTABLE,NORMALIZED
02_SOURCE_KITS_READONLY/AI_VIDEO_FACTORY_COUNCIL_PROMPT_KIT_v1.1.0/08_PHASE_PROMPTS/P6_OPERATOR.md,221,de3fcf5f7d9ea36b3201f4242bba7a58682d2a1d6a8381ea6136210e49ab657b,SOURCE_KIT_IMMUTABLE,NORMALIZED
02_SOURCE_KITS_READONLY/AI_VIDEO_FACTORY_COUNCIL_PROMPT_KIT_v1.1.0/08_PHASE_PROMPTS/P7_SCALE.md,237,7c2df67e194e8a40deb34315ada34d09bac123e791059510f685fbd96a48240b,SOURCE_KIT_IMMUTABLE,NORMALIZED
02_SOURCE_KITS_READONLY/AI_VIDEO_FACTORY_COUNCIL_PROMPT_KIT_v1.1.0/05_SKILL_ADAPTERS/ECC_MAPPING_TEMPLATE.md,838,d776b2f5e314139874c2a66693cff75b27df3ce72612587d50d2197893ff62d5,SOURCE_KIT_IMMUTABLE,NORMALIZED
02_SOURCE_KITS_READONLY/AI_VIDEO_FACTORY_COUNCIL_PROMPT_KIT_v1.1.0/05_SKILL_ADAPTERS/MODEL_ORCHESTRATION_STRATEGY.md,1245,268f73e58df036968f35d2909e2095dea3ec43b88bfdd980f383e2dc10ecfc40,SOURCE_KIT_IMMUTABLE,NORMALIZED
02_SOURCE_KITS_READONLY/AI_VIDEO_FACTORY_COUNCIL_PROMPT_KIT_v1.1.0/05_SKILL_ADAPTERS/SKILL_ADMISSION_GATE.md,505,cc02fc1e322aa5839df0d625dc02fb57d923cc62509984cb4e704be20dd1bf9a,SOURCE_KIT_IMMUTABLE,NORMALIZED
02_SOURCE_KITS_READONLY/AI_VIDEO_FACTORY_COUNCIL_PROMPT_KIT_v1.1.0/05_SKILL_ADAPTERS/SKILL_ORCHESTRATION_POLICY.md,1446,409639a96dbbf56cb54da3a87b02a35e75657f484e207dffafeb8340458a3e78,SOURCE_KIT_IMMUTABLE,NORMALIZED
02_SOURCE_KITS_READONLY/AI_VIDEO_FACTORY_COUNCIL_PROMPT_KIT_v1.1.0/05_SKILL_ADAPTERS/SUPERPOWERS_MAPPING.md,739,e21a1e228dfba54a559aa214d86a1fdfb59e3d49391b9a5b27377773ec3bc3fc,SOURCE_KIT_IMMUTABLE,NORMALIZED
02_SOURCE_KITS_READONLY/AI_VIDEO_FACTORY_COUNCIL_PROMPT_KIT_v1.1.0/09_TEMPLATES/CHANGE_PROPOSAL_TEMPLATE.md,385,cd33587f49c75427c911da828022992213f30bbd1bd660f989dbfd18472df3a5,SOURCE_KIT_IMMUTABLE,NORMALIZED
02_SOURCE_KITS_READONLY/AI_VIDEO_FACTORY_COUNCIL_PROMPT_KIT_v1.1.0/09_TEMPLATES/FINDING_TEMPLATE.md,287,e5847c8ea0be1f62377f7d1e549317d2108f52fb3681c3e004a5f24cf3c24d03,SOURCE_KIT_IMMUTABLE,NORMALIZED
02_SOURCE_KITS_READONLY/AI_VIDEO_FACTORY_COUNCIL_PROMPT_KIT_v1.1.0/09_TEMPLATES/FREEZE_CERTIFICATE_TEMPLATE.md,265,ad420d39ac3f01719787153b2b0cf4563979638a8a15ef0f46ba701c285f4afc,SOURCE_KIT_IMMUTABLE,NORMALIZED
02_SOURCE_KITS_READONLY/AI_VIDEO_FACTORY_COUNCIL_PROMPT_KIT_v1.1.0/09_TEMPLATES/PROTECTED_CAPABILITY_REGISTER.md,561,8af7c382faf7ec39d63cc450042a529eaa37123cc3476801a82e1178a247e400,SOURCE_KIT_IMMUTABLE,NORMALIZED
02_SOURCE_KITS_READONLY/AI_VIDEO_FACTORY_COUNCIL_PROMPT_KIT_v1.1.0/09_TEMPLATES/REPO_RELEASE_EVIDENCE_PACK.md,305,c2c8d3c6f7c7575decbe734f0ff1488914af93e761013a62517593d11e4b27e5,SOURCE_KIT_IMMUTABLE,NORMALIZED
02_SOURCE_KITS_READONLY/AI_VIDEO_FACTORY_COUNCIL_PROMPT_KIT_v1.1.0/09_TEMPLATES/REQUIREMENT_TRACEABILITY_MATRIX.md,284,e700f40990731569a11299b1ee67af1d3de513b72b40572a70d5378df05e712f,SOURCE_KIT_IMMUTABLE,NORMALIZED
02_SOURCE_KITS_READONLY/AI_VIDEO_FACTORY_COUNCIL_PROMPT_KIT_v1.1.0/09_TEMPLATES/SPEC_CLARIFICATION_REQUEST.md,254,bfe5a4a61999ee4801597be3487fc904110741fb4a7dbfb5f5c0ae77fe8ed6c1,SOURCE_KIT_IMMUTABLE,NORMALIZED
02_SOURCE_KITS_READONLY/AI_VIDEO_FACTORY_COUNCIL_PROMPT_KIT_v1.1.0/07_REPO_CONTEXT_PROFILES/R01_AVF_CONTRACTS.md,776,5cce94d0819245d57d33f6ae232340024dfd5b0885709bf279137c5ca3ed9c6e,SOURCE_KIT_IMMUTABLE,NORMALIZED
02_SOURCE_KITS_READONLY/AI_VIDEO_FACTORY_COUNCIL_PROMPT_KIT_v1.1.0/07_REPO_CONTEXT_PROFILES/R02_AVF_CORE_STATE.md,800,ae74d14910073a240a9e9ebd48fbcc786bfeeea84d5265b60b4320924560cd8a,SOURCE_KIT_IMMUTABLE,NORMALIZED
02_SOURCE_KITS_READONLY/AI_VIDEO_FACTORY_COUNCIL_PROMPT_KIT_v1.1.0/07_REPO_CONTEXT_PROFILES/R03_AVF_CREATIVE.md,760,5ee25af624c5169857bf65368f505be77ed8536492359c8985dcd3917af7fb89,SOURCE_KIT_IMMUTABLE,NORMALIZED
02_SOURCE_KITS_READONLY/AI_VIDEO_FACTORY_COUNCIL_PROMPT_KIT_v1.1.0/07_REPO_CONTEXT_PROFILES/R04_AVF_ASSETS_CONTINUITY.md,770,e4f08f74897a9925144f20450a79a15e5500c4de36fe0873bafcc260dd3a3916,SOURCE_KIT_IMMUTABLE,NORMALIZED
02_SOURCE_KITS_READONLY/AI_VIDEO_FACTORY_COUNCIL_PROMPT_KIT_v1.1.0/07_REPO_CONTEXT_PROFILES/R05_AVF_PROMPT_COMPILER.md,759,f4e2ffeefa8ba86b15b2a6d17df86a951c8d31a07dd4e3f8e3bccfc87be68812,SOURCE_KIT_IMMUTABLE,NORMALIZED
02_SOURCE_KITS_READONLY/AI_VIDEO_FACTORY_COUNCIL_PROMPT_KIT_v1.1.0/07_REPO_CONTEXT_PROFILES/R06_AVF_WORKFLOW.md,769,04bf799b0a9f6b04a546db1ba20cc04f8a11894dbcbfa7c76b3766afb6778b12,SOURCE_KIT_IMMUTABLE,NORMALIZED
02_SOURCE_KITS_READONLY/AI_VIDEO_FACTORY_COUNCIL_PROMPT_KIT_v1.1.0/07_REPO_CONTEXT_PROFILES/R07_AVF_PROVIDER_SDK.md,782,91ef6892a1d0d9de11e0fb8cdd1d04901cb18d6a3ac8cd70061a26dfe5636856,SOURCE_KIT_IMMUTABLE,NORMALIZED
02_SOURCE_KITS_READONLY/AI_VIDEO_FACTORY_COUNCIL_PROMPT_KIT_v1.1.0/07_REPO_CONTEXT_PROFILES/R08_AVF_GOOGLE_FLOW_ADAPTER.md,754,17fbc6b76fc5a65d427da00fb236ab9e0c47ac1ab0491ac86d062b18f8ef9c99,SOURCE_KIT_IMMUTABLE,NORMALIZED
02_SOURCE_KITS_READONLY/AI_VIDEO_FACTORY_COUNCIL_PROMPT_KIT_v1.1.0/07_REPO_CONTEXT_PROFILES/R09_AVF_BROWSER_WORKER.md,783,4e1800f16fb19f3c88eb7fde70560a9ac32c8cc7b0eb0ab8f61f6e6fc8fd6968,SOURCE_KIT_IMMUTABLE,NORMALIZED
02_SOURCE_KITS_READONLY/AI_VIDEO_FACTORY_COUNCIL_PROMPT_KIT_v1.1.0/07_REPO_CONTEXT_PROFILES/R10_AVF_FLOWKIT_BRIDGE.md,794,dc64911245def79c6e93c87f9f9f786ba01ff78475b1e327950a5997ddcc9fb9,SOURCE_KIT_IMMUTABLE,NORMALIZED
02_SOURCE_KITS_READONLY/AI_VIDEO_FACTORY_COUNCIL_PROMPT_KIT_v1.1.0/07_REPO_CONTEXT_PROFILES/R11_AVF_QC.md,734,7ce0a47e977cf4e81441a47a98fc279ed08eb8a103a6689aacd2097a47e1e10f,SOURCE_KIT_IMMUTABLE,NORMALIZED
02_SOURCE_KITS_READONLY/AI_VIDEO_FACTORY_COUNCIL_PROMPT_KIT_v1.1.0/07_REPO_CONTEXT_PROFILES/R12_AVF_MEDIA.md,707,6d89583fd8d5ad3d328f74305b7a988650e65fb034e21c50fe717a25c25a9dfe,SOURCE_KIT_IMMUTABLE,NORMALIZED
02_SOURCE_KITS_READONLY/AI_VIDEO_FACTORY_COUNCIL_PROMPT_KIT_v1.1.0/07_REPO_CONTEXT_PROFILES/R13_AVF_OPERATOR_CONSOLE.md,745,08b2860656cef1b22e870d3ebfcc663cd006ed87e5f4e0959e98a90adfbce109,SOURCE_KIT_IMMUTABLE,NORMALIZED
02_SOURCE_KITS_READONLY/AI_VIDEO_FACTORY_COUNCIL_PROMPT_KIT_v1.1.0/07_REPO_CONTEXT_PROFILES/R14_AVF_PLATFORM_OBSERVABILITY.md,768,de4a426c31a9b705b34803c780d863736515441b253231187e583fb59e118eb8,SOURCE_KIT_IMMUTABLE,NORMALIZED
02_SOURCE_KITS_READONLY/AI_VIDEO_FACTORY_COUNCIL_PROMPT_KIT_v1.1.0/07_REPO_CONTEXT_PROFILES/R15_AVF_INTEGRATION_HARNESS.md,776,5856b8b1b3717eff6165aa41c77e548ba5757196947ab001f5289a1ee17d6266,SOURCE_KIT_IMMUTABLE,NORMALIZED
02_SOURCE_KITS_READONLY/AI_VIDEO_FACTORY_COUNCIL_PROMPT_KIT_v1.1.0/06_IMPLEMENTATION_RUNBOOK/I00_REPO_BOOTSTRAP.md,757,d53b3840fc035af0fd40b08e6efad09d794db2c304035e81efd99d21fb6fafb5,SOURCE_KIT_IMMUTABLE,NORMALIZED
02_SOURCE_KITS_READONLY/AI_VIDEO_FACTORY_COUNCIL_PROMPT_KIT_v1.1.0/06_IMPLEMENTATION_RUNBOOK/I01_ARCHITECTURE_EXTRACTION.md,501,24739b261502df63c86c43a9e1a62c0a0078f636171073488fec2a10b52632ab,SOURCE_KIT_IMMUTABLE,NORMALIZED
02_SOURCE_KITS_READONLY/AI_VIDEO_FACTORY_COUNCIL_PROMPT_KIT_v1.1.0/06_IMPLEMENTATION_RUNBOOK/I02_CONTRACT_TESTS_FIRST.md,492,4cd5617503d579a952950523053369acb4be225be309fcabe3383c7cdadf332b,SOURCE_KIT_IMMUTABLE,NORMALIZED
02_SOURCE_KITS_READONLY/AI_VIDEO_FACTORY_COUNCIL_PROMPT_KIT_v1.1.0/06_IMPLEMENTATION_RUNBOOK/I03_TEST_AND_FAILURE_PLAN.md,406,5b8d3bc243c382f850c49df27aee84a9212c9657725d1253e9667d2211d79d13,SOURCE_KIT_IMMUTABLE,NORMALIZED
02_SOURCE_KITS_READONLY/AI_VIDEO_FACTORY_COUNCIL_PROMPT_KIT_v1.1.0/06_IMPLEMENTATION_RUNBOOK/I04_IMPLEMENTATION_PLAN.md,305,ddfbd8d254f6c99f632f90f0e98e964ee26ce17d8003ea21d3badb7f09f35bf7,SOURCE_KIT_IMMUTABLE,NORMALIZED
02_SOURCE_KITS_READONLY/AI_VIDEO_FACTORY_COUNCIL_PROMPT_KIT_v1.1.0/06_IMPLEMENTATION_RUNBOOK/I05_TDD_BUILD_LOOP.md,425,40523ed64a4889ce6d1cf0357eeee6b31d9ba3f404f882de120ba6f319dfda07,SOURCE_KIT_IMMUTABLE,NORMALIZED
02_SOURCE_KITS_READONLY/AI_VIDEO_FACTORY_COUNCIL_PROMPT_KIT_v1.1.0/06_IMPLEMENTATION_RUNBOOK/I06_INDEPENDENT_CODE_REVIEW.md,496,d85b7c4a5c3044e68eb02616ca4d175825bd6911a55c671435bcab8de4d900e8,SOURCE_KIT_IMMUTABLE,NORMALIZED
02_SOURCE_KITS_READONLY/AI_VIDEO_FACTORY_COUNCIL_PROMPT_KIT_v1.1.0/06_IMPLEMENTATION_RUNBOOK/I07_SYSTEMATIC_DEBUG.md,374,f7a1b5cf78f5aa031aedcb02eb21309a69658ca44a249a0c9dbd7760860c58bc,SOURCE_KIT_IMMUTABLE,NORMALIZED
02_SOURCE_KITS_READONLY/AI_VIDEO_FACTORY_COUNCIL_PROMPT_KIT_v1.1.0/06_IMPLEMENTATION_RUNBOOK/I08_INTEGRATION_CONFORMANCE.md,411,60ae4ed890d0af666021c309112cd1939ca9513595b626fef673a3921aee631b,SOURCE_KIT_IMMUTABLE,NORMALIZED
02_SOURCE_KITS_READONLY/AI_VIDEO_FACTORY_COUNCIL_PROMPT_KIT_v1.1.0/06_IMPLEMENTATION_RUNBOOK/I09_CHAOS_SECURITY_AUDIT.md,457,2479e7f2602b93e0ddc28de845dabd5746616865b1e1ccc6638d0febe291f1ad,SOURCE_KIT_IMMUTABLE,NORMALIZED
02_SOURCE_KITS_READONLY/AI_VIDEO_FACTORY_COUNCIL_PROMPT_KIT_v1.1.0/06_IMPLEMENTATION_RUNBOOK/I10_OBSERVABILITY_OPERATIONS.md,347,ac33166be6d359cd6fb8fc77aa63181b77e77316e96a7f2943b19dc46d82afa9,SOURCE_KIT_IMMUTABLE,NORMALIZED
02_SOURCE_KITS_READONLY/AI_VIDEO_FACTORY_COUNCIL_PROMPT_KIT_v1.1.0/06_IMPLEMENTATION_RUNBOOK/I11_DOCUMENTATION_HANDOFF.md,485,cf1737b750e39d5b57bec65c959257478292d3826835e340eaca4900e4a7d331,SOURCE_KIT_IMMUTABLE,NORMALIZED
02_SOURCE_KITS_READONLY/AI_VIDEO_FACTORY_COUNCIL_PROMPT_KIT_v1.1.0/06_IMPLEMENTATION_RUNBOOK/I12_RELEASE_EVIDENCE_GATE.md,608,ace2ae54610c8644c94ae1edeff3abf3b0ed41432bce46284f6e3a8de3f382dd,SOURCE_KIT_IMMUTABLE,NORMALIZED
02_SOURCE_KITS_READONLY/AI_VIDEO_FACTORY_COUNCIL_PROMPT_KIT_v1.1.0/01_COUNCIL_MASTER/MASTER_COUNCIL_PROMPT.md,31524,7f04ed290eafb0b923663b648ed31602ff26cfa988fe1bdb09a3c38a1b04f8f3,SOURCE_KIT_IMMUTABLE,NORMALIZED
02_SOURCE_KITS_READONLY/AI_VIDEO_FACTORY_COUNCIL_PROMPT_KIT_v1.1.0/04_GATES_AND_AUDIT/ANTI_PERFUNCTORY_AUDIT.md,941,e92ebf17060aa2bdaf3935e2d6036e50a60eaef092b6a613d4295846d40b1ef4,SOURCE_KIT_IMMUTABLE,NORMALIZED
02_SOURCE_KITS_READONLY/AI_VIDEO_FACTORY_COUNCIL_PROMPT_KIT_v1.1.0/04_GATES_AND_AUDIT/CHANGESET_INTEGRATION_AUDIT.md,625,ab4c529c90185b7e502e2bca3657ef915d7765f32cfcd94d15b790b8890cf3da,SOURCE_KIT_IMMUTABLE,NORMALIZED
02_SOURCE_KITS_READONLY/AI_VIDEO_FACTORY_COUNCIL_PROMPT_KIT_v1.1.0/04_GATES_AND_AUDIT/DECISION_AUDIT_RULES.md,613,20f1bc987f8e3073810a3b2a45eec126e57d8f40f7969b3e6f80c35542a81aca,SOURCE_KIT_IMMUTABLE,NORMALIZED
02_SOURCE_KITS_READONLY/AI_VIDEO_FACTORY_COUNCIL_PROMPT_KIT_v1.1.0/04_GATES_AND_AUDIT/EVIDENCE_GRADING_STANDARD.md,696,19e114480a5cab23800402bbf855198ffcd412f53bf46827be1450c748ec71be,SOURCE_KIT_IMMUTABLE,NORMALIZED
02_SOURCE_KITS_READONLY/AI_VIDEO_FACTORY_COUNCIL_PROMPT_KIT_v1.1.0/04_GATES_AND_AUDIT/FREEZE_GATE_MATRIX.md,2263,824ddc830cf9f2213de965c23b4282f021ef117cf3bc6dfcd9f9a775617d2bbf,SOURCE_KIT_IMMUTABLE,NORMALIZED
02_SOURCE_KITS_READONLY/AI_VIDEO_FACTORY_COUNCIL_PROMPT_KIT_v1.1.0/04_GATES_AND_AUDIT/ROUND_GATE_HANDSHAKE.md,562,b07a7baba38c0049e164de4bf1fbbcfa81fa648b4f1c254c35f1bddf1240e84e,SOURCE_KIT_IMMUTABLE,NORMALIZED
02_SOURCE_KITS_READONLY/AI_VIDEO_FACTORY_COUNCIL_PROMPT_KIT_v1.1.0/02_COUNCIL_ROLES/R01_DOMAIN_DDD.md,1233,406b35dc261895ad55129a178c37f6786f9ffd73c41ff3da748d66163db8dc37,SOURCE_KIT_IMMUTABLE,NORMALIZED
02_SOURCE_KITS_READONLY/AI_VIDEO_FACTORY_COUNCIL_PROMPT_KIT_v1.1.0/02_COUNCIL_ROLES/R02_RELIABILITY.md,1078,6816b74016454d48d2467ed9aa9eabb53eb133d6c3159cedbec8a39b187a9e76,SOURCE_KIT_IMMUTABLE,NORMALIZED
02_SOURCE_KITS_READONLY/AI_VIDEO_FACTORY_COUNCIL_PROMPT_KIT_v1.1.0/02_COUNCIL_ROLES/R03_WORKFLOW.md,1092,523f87780a3c87eb4a5db5cafd7f30c259b22d16ffd907e9ecac8ac8a7622b4d,SOURCE_KIT_IMMUTABLE,NORMALIZED
02_SOURCE_KITS_READONLY/AI_VIDEO_FACTORY_COUNCIL_PROMPT_KIT_v1.1.0/02_COUNCIL_ROLES/R04_CONTRACTS.md,1053,5c87c59206d47ce1666c6a0c10ec097edba4e5a067c6d75315ca86098e5c0814,SOURCE_KIT_IMMUTABLE,NORMALIZED
02_SOURCE_KITS_READONLY/AI_VIDEO_FACTORY_COUNCIL_PROMPT_KIT_v1.1.0/02_COUNCIL_ROLES/R05_DATA.md,1068,229d1f12cbd7874cf66ca8d9bdf45a6bbd447785023b3bc40d2c083ad4862dc6,SOURCE_KIT_IMMUTABLE,NORMALIZED
02_SOURCE_KITS_READONLY/AI_VIDEO_FACTORY_COUNCIL_PROMPT_KIT_v1.1.0/02_COUNCIL_ROLES/R06_FLOW_BROWSER.md,1174,3ac9061b2a3ed1d11b60ef636de08a7ea19c25546a8af6c8f87bf28053519465,SOURCE_KIT_IMMUTABLE,NORMALIZED
02_SOURCE_KITS_READONLY/AI_VIDEO_FACTORY_COUNCIL_PROMPT_KIT_v1.1.0/02_COUNCIL_ROLES/R07_SECURITY.md,1110,b0223109550445cccaa8b0375cf5afab0a233b203a79702a0dff758e29ebcece,SOURCE_KIT_IMMUTABLE,NORMALIZED
02_SOURCE_KITS_READONLY/AI_VIDEO_FACTORY_COUNCIL_PROMPT_KIT_v1.1.0/02_COUNCIL_ROLES/R08_QA.md,1050,5b1ac577c21b0d415fa9f5a481947d017fd6cd5a0e28ce88516488f148f0b709,SOURCE_KIT_IMMUTABLE,NORMALIZED
02_SOURCE_KITS_READONLY/AI_VIDEO_FACTORY_COUNCIL_PROMPT_KIT_v1.1.0/02_COUNCIL_ROLES/R09_AI.md,1066,3e33e1e0865a7775d80922f229f39f9413a91014d6526cf36d23f146b2570698,SOURCE_KIT_IMMUTABLE,NORMALIZED
02_SOURCE_KITS_READONLY/AI_VIDEO_FACTORY_COUNCIL_PROMPT_KIT_v1.1.0/02_COUNCIL_ROLES/R10_DX.md,1108,b690380433540a194a592e67cbb6f5484e28c25593bf15bcd9b9b4ee7ca2907f,SOURCE_KIT_IMMUTABLE,NORMALIZED
02_SOURCE_KITS_READONLY/AI_VIDEO_FACTORY_COUNCIL_PROMPT_KIT_v1.1.0/02_COUNCIL_ROLES/R11_PLATFORM.md,1071,49c18ae8533ebf15efd3021ec5a10e1659b81dbb518ffba4de91ad374903740f,SOURCE_KIT_IMMUTABLE,NORMALIZED
02_SOURCE_KITS_READONLY/AI_VIDEO_FACTORY_COUNCIL_PROMPT_KIT_v1.1.0/02_COUNCIL_ROLES/R12_PRODUCT_OPS.md,1067,e4f87a73b6fa0d0d8446f4245b27cfbfa7dac1efecb71846671f6c988beb512c,SOURCE_KIT_IMMUTABLE,NORMALIZED
02_SOURCE_KITS_READONLY/AI_VIDEO_FACTORY_COUNCIL_PROMPT_KIT_v1.1.0/02_COUNCIL_ROLES/R13_OSS.md,1044,f3bfb1139d30343fd56ab731e0237f1a44c44fb8d3eb4a4e7ae078cda92126dc,SOURCE_KIT_IMMUTABLE,NORMALIZED
02_SOURCE_KITS_READONLY/AI_VIDEO_FACTORY_COUNCIL_PROMPT_KIT_v1.1.0/02_COUNCIL_ROLES/R14_PERF_COST.md,1096,b7a6b73fe5d26f4138501c3511c0dd13c565f05ccbba84e8648a089cfc6caebb,SOURCE_KIT_IMMUTABLE,NORMALIZED
02_SOURCE_KITS_READONLY/AI_VIDEO_FACTORY_COUNCIL_PROMPT_KIT_v1.1.0/02_COUNCIL_ROLES/R15_REDTEAM.md,1185,9a27e10f26dca62fe8caecda211fdce88078b47962bde33fa6169b0a2cdef337,SOURCE_KIT_IMMUTABLE,NORMALIZED
02_SOURCE_KITS_READONLY/AI_VIDEO_FACTORY_COUNCIL_PROMPT_KIT_v1.1.0/00_READ_FIRST/CURRENT_MODEL_AND_SKILL_NOTE_2026-08-14.md,1365,57146113650778ef0fb81cd9323caa67cd74bd76eb96fd9850a537daf1188900,SOURCE_KIT_IMMUTABLE,NORMALIZED
02_SOURCE_KITS_READONLY/AI_VIDEO_FACTORY_COUNCIL_PROMPT_KIT_v1.1.0/00_READ_FIRST/HUMAN_RUNBOOK.md,1526,139fe2bf48d7df44e437b1df3edd4ced80fc037f53db476a89bea56e6beeaba8,SOURCE_KIT_IMMUTABLE,NORMALIZED
02_SOURCE_KITS_READONLY/AI_VIDEO_FACTORY_COUNCIL_PROMPT_KIT_v1.1.0/00_READ_FIRST/OPERATING_PRINCIPLES.md,955,1383957f44324afae15c90d9228e9acdd084b7b181b359516ff5d401a960fc4a,SOURCE_KIT_IMMUTABLE,NORMALIZED
02_SOURCE_KITS_READONLY/AI_VIDEO_FACTORY_COUNCIL_PROMPT_KIT_v1.1.0/00_READ_FIRST/V1_1_UPGRADE_NOTES.md,868,aec42d0b0530145b410e52e8ac14340ce0467b2be1a0916a0797e99f27306865,SOURCE_KIT_IMMUTABLE,NORMALIZED
02_SOURCE_KITS_READONLY/AVF_COUNCIL_GOAL_AUTOPILOT_v1.0.0/AVF_COUNCIL_ALWAYS_ON.md,1807,bebf238af8ccb801d2148517234da5c1c4f41be083b846ed0c205cf7809ec73a,SOURCE_KIT_IMMUTABLE,NORMALIZED
02_SOURCE_KITS_READONLY/AVF_COUNCIL_GOAL_AUTOPILOT_v1.0.0/FILE_HASHES.json,1430,3d783b39adf2624dbe09b3c38ab80c3540a3fb6e04156671bb8a799df399b791,SOURCE_KIT_IMMUTABLE,NORMALIZED
02_SOURCE_KITS_READONLY/AVF_COUNCIL_GOAL_AUTOPILOT_v1.0.0/GOAL_C00_SEMANTIC_BASELINE.md,4155,e3b214ee7cc58607ebcac3f55b87ae2a6ddb47103b56d876b1dfd93d5f7c03cd,SOURCE_KIT_IMMUTABLE,NORMALIZED
02_SOURCE_KITS_READONLY/AVF_COUNCIL_GOAL_AUTOPILOT_v1.0.0/GOAL_C01_BLIND_REVIEW.md,1696,0575fb4e077cbae65f0992302086bde77a8683c7097418b218f5c34961410a2d,SOURCE_KIT_IMMUTABLE,NORMALIZED
02_SOURCE_KITS_READONLY/AVF_COUNCIL_GOAL_AUTOPILOT_v1.0.0/GOAL_C02_CROSS_EXAM.md,891,53c890cfd78714bda5feff2be2b38376a14680de7308c69ac892581a452e287f,SOURCE_KIT_IMMUTABLE,NORMALIZED
02_SOURCE_KITS_READONLY/AVF_COUNCIL_GOAL_AUTOPILOT_v1.0.0/GOAL_C03_SOLUTION_DESIGN.md,893,ccc1747adf4d3d51a30b0c4581feff47bfd04bfeb0fb920f6da4f3b52e260d1d,SOURCE_KIT_IMMUTABLE,NORMALIZED
02_SOURCE_KITS_READONLY/AVF_COUNCIL_GOAL_AUTOPILOT_v1.0.0/GOAL_C04_VOTING_SYNTHESIS.md,888,854641cf1cb065209bd7cfbb1a335ac9a2a29d57a07442bff4117fd806a9a162,SOURCE_KIT_IMMUTABLE,NORMALIZED
02_SOURCE_KITS_READONLY/AVF_COUNCIL_GOAL_AUTOPILOT_v1.0.0/GOAL_C05_INDEPENDENT_AUDIT.md,852,d1810e21041f9d6d66f9fcb8f1c40bd176f8697e741295dec01dc6019c75895a,SOURCE_KIT_IMMUTABLE,NORMALIZED
02_SOURCE_KITS_READONLY/AVF_COUNCIL_GOAL_AUTOPILOT_v1.0.0/GOAL_C06_FREEZE_READINESS.md,715,5f525ad36798c1ff2332a2a39007b45268e15148c0696da176c07bb88bb4ee83,SOURCE_KIT_IMMUTABLE,NORMALIZED
02_SOURCE_KITS_READONLY/AVF_COUNCIL_GOAL_AUTOPILOT_v1.0.0/GOAL_C07_CERTIFICATION.md,580,7c9fc0b00e6ed06eee443a36936367e945b32bbb049992b59834e784a68fd22e,SOURCE_KIT_IMMUTABLE,NORMALIZED
02_SOURCE_KITS_READONLY/AVF_COUNCIL_GOAL_AUTOPILOT_v1.0.0/QUICK_COMMANDS.md,1522,50781295614806929ba1333319c62303c866d8eb877953d5989b235c0409bf1a,SOURCE_KIT_IMMUTABLE,NORMALIZED
02_SOURCE_KITS_READONLY/AVF_COUNCIL_GOAL_AUTOPILOT_v1.0.0/README.md,1013,c653250e0ba8bf80a35236023bc82748ec6bd3b9c1f938c82ed2406e4670ad8e,SOURCE_KIT_IMMUTABLE,NORMALIZED
02_SOURCE_KITS_READONLY/AI_VIDEO_FACTORY_BLUEPRINT_KIT_v0.9.0/COMMITTEE_REVIEW_EDITION.md,1886,6f6b8fd5bd970adc94dc8bd7346cae49fbd06d13fece319e80981f5781598107,SOURCE_KIT_IMMUTABLE,NORMALIZED
02_SOURCE_KITS_READONLY/AI_VIDEO_FACTORY_BLUEPRINT_KIT_v0.9.0/KIT_MANIFEST.yaml,8566,9fd2e4b8aa5389a341b5a373598d29c9788f2058210e269d533566af8ec53e29,SOURCE_KIT_IMMUTABLE,NORMALIZED
02_SOURCE_KITS_READONLY/AI_VIDEO_FACTORY_BLUEPRINT_KIT_v0.9.0/README.md,2329,1619091f206a5ca28c2e833ace174abcc1de5dd4c625c4aaea61fa0fb70f09f4,SOURCE_KIT_IMMUTABLE,NORMALIZED
02_SOURCE_KITS_READONLY/AI_VIDEO_FACTORY_BLUEPRINT_KIT_v0.9.0/VERSION,23,3be0958b67381fd1503034bb4e3d5a82b3b4074ee4a1c5c8b73e03ecf1cccde9,SOURCE_KIT_IMMUTABLE,NORMALIZED
02_SOURCE_KITS_READONLY/AI_VIDEO_FACTORY_BLUEPRINT_KIT_v0.9.0/04_integration/COMMAND_EVENT_CATALOG.md,1779,a2788dd58b39c463923063318632941c32a874563cae1575dc6c7cb16da7a938,SOURCE_KIT_IMMUTABLE,NORMALIZED
02_SOURCE_KITS_READONLY/AI_VIDEO_FACTORY_BLUEPRINT_KIT_v0.9.0/04_integration/DEPENDENCY_GRAPH.md,1137,3748427f804dae012efef0d2945b64a1e6bce223ba7bed6f13b461c89bf4de57,SOURCE_KIT_IMMUTABLE,NORMALIZED
02_SOURCE_KITS_READONLY/AI_VIDEO_FACTORY_BLUEPRINT_KIT_v0.9.0/04_integration/E2E_INTEGRATION_PROTOCOL.md,1633,516be120e98bae406fd9986e71f0907a74460ed97d67fbb97008872d729c5d58,SOURCE_KIT_IMMUTABLE,NORMALIZED
02_SOURCE_KITS_READONLY/AI_VIDEO_FACTORY_BLUEPRINT_KIT_v0.9.0/04_integration/FREEZE_CHECKLIST.md,1352,d164ab6899c8e3d5f691c6b394cc2430cf67c93709d0d14bb497a8b94f49d279,SOURCE_KIT_IMMUTABLE,NORMALIZED
02_SOURCE_KITS_READONLY/AI_VIDEO_FACTORY_BLUEPRINT_KIT_v0.9.0/04_integration/LOCAL_DEVELOPMENT.md,762,23a5ecd08d658e55487b984a796ac6a9b8d19d32a6c80b4804c757399287396f,SOURCE_KIT_IMMUTABLE,NORMALIZED
02_SOURCE_KITS_READONLY/AI_VIDEO_FACTORY_BLUEPRINT_KIT_v0.9.0/04_integration/SECURITY_MODEL.md,2455,462d37643ea97f1a59ba037d200deae952a0f48226258570096987f50098ddea,SOURCE_KIT_IMMUTABLE,NORMALIZED
02_SOURCE_KITS_READONLY/AI_VIDEO_FACTORY_BLUEPRINT_KIT_v0.9.0/04_integration/TEST_STRATEGY.md,2044,5c4b8b36ae1eff268d60cc9dccbb1d1bf731d3bd4e0dae2484ee4366d350bb38,SOURCE_KIT_IMMUTABLE,NORMALIZED
02_SOURCE_KITS_READONLY/AI_VIDEO_FACTORY_BLUEPRINT_KIT_v0.9.0/06_adrs/ADR-001_MODULAR_POLYREPO.md,696,ec0fe94c5ffb0d17decb90c9a28ada33193eaf7361ca7e389973c59f549818b7,SOURCE_KIT_IMMUTABLE,NORMALIZED
02_SOURCE_KITS_READONLY/AI_VIDEO_FACTORY_BLUEPRINT_KIT_v0.9.0/06_adrs/ADR-002_CANONICAL_STATE.md,553,63407d8503675a5487738260d54e586ce5146acd6fd6249951f02c0434176bd0,SOURCE_KIT_IMMUTABLE,NORMALIZED
02_SOURCE_KITS_READONLY/AI_VIDEO_FACTORY_BLUEPRINT_KIT_v0.9.0/06_adrs/ADR-003_PROVIDER_ABSTRACTION.md,546,5aefe949b3496d96466645000d07c185181a3fe99c17849fc15344f1fb376db7,SOURCE_KIT_IMMUTABLE,NORMALIZED
02_SOURCE_KITS_READONLY/AI_VIDEO_FACTORY_BLUEPRINT_KIT_v0.9.0/06_adrs/ADR-004_DUAL_FLOW_EXECUTION.md,592,9b8434cd7470d415f78b073602e69e3c51ef1ecc0d900a0889a6e44b84c3c8a0,SOURCE_KIT_IMMUTABLE,NORMALIZED
02_SOURCE_KITS_READONLY/AI_VIDEO_FACTORY_BLUEPRINT_KIT_v0.9.0/06_adrs/ADR-005_LLM_STATE_MUTATION.md,532,65bde761654cefca16236329cc0e436f073c1611d02f548104ee766fbd4d4525,SOURCE_KIT_IMMUTABLE,NORMALIZED
02_SOURCE_KITS_READONLY/AI_VIDEO_FACTORY_BLUEPRINT_KIT_v0.9.0/06_adrs/ADR-006_RETRY_POLICY.md,508,5e48a93e699eb58c4911b78d67ab5b56c24b76bee69e6e6edba5521b43feb489,SOURCE_KIT_IMMUTABLE,NORMALIZED
02_SOURCE_KITS_READONLY/AI_VIDEO_FACTORY_BLUEPRINT_KIT_v0.9.0/06_adrs/ADR-007_BROWSER_SECURITY.md,541,e25b437db993f1cbfeaac686fc38ba21e2d4316dcedbd7945eb1520bf2593d06,SOURCE_KIT_IMMUTABLE,NORMALIZED
02_SOURCE_KITS_READONLY/AI_VIDEO_FACTORY_BLUEPRINT_KIT_v0.9.0/06_adrs/ADR-008_WORKFLOW_ENGINE.md,579,6e33e8b66988dac4a13cab34e71c96767f70dbfc1939cf42b65866585f2cdea4,SOURCE_KIT_IMMUTABLE,NORMALIZED
02_SOURCE_KITS_READONLY/AI_VIDEO_FACTORY_BLUEPRINT_KIT_v0.9.0/05_phases/BUILD_ORDER.md,1532,3abb8c7c4be9dcb698771da8ec8a3b919685ed9c77d10a5ea338691f5b8fe813,SOURCE_KIT_IMMUTABLE,NORMALIZED
02_SOURCE_KITS_READONLY/AI_VIDEO_FACTORY_BLUEPRINT_KIT_v0.9.0/05_phases/PHASE_0_BENCHMARK.md,2129,8ebe179dd9744e70034d86bb3d20a7211fb75af8d8e2fc313b4729e34f563b6e,SOURCE_KIT_IMMUTABLE,NORMALIZED
02_SOURCE_KITS_READONLY/AI_VIDEO_FACTORY_BLUEPRINT_KIT_v0.9.0/05_phases/PHASE_ROADMAP.md,1837,95e81269b851c0142babf8230cbd2c28ed6f8a47de9b19a9a785a482cda02904,SOURCE_KIT_IMMUTABLE,NORMALIZED
02_SOURCE_KITS_READONLY/AI_VIDEO_FACTORY_BLUEPRINT_KIT_v0.9.0/08_evidence/REQUIREMENT_TRACEABILITY.md,1680,86b8d9bca722ff7ca377dad235bedad5ffa5d98a53880ff1cb83a02a7614146c,SOURCE_KIT_IMMUTABLE,NORMALIZED
02_SOURCE_KITS_READONLY/AI_VIDEO_FACTORY_BLUEPRINT_KIT_v0.9.0/08_evidence/SOURCE_LEDGER.md,3413,cd791ac8e2ce129cf6abb0f0467382ac9596b20db7cf42ccbd1d9f8f8dc1262f,SOURCE_KIT_IMMUTABLE,NORMALIZED
02_SOURCE_KITS_READONLY/AI_VIDEO_FACTORY_BLUEPRINT_KIT_v0.9.0/01_master/DATA_MODEL.md,3173,53c49b09be2675a3c76b70c1171c92711d9fe541989f9d94219d301228dcee92,SOURCE_KIT_IMMUTABLE,NORMALIZED
02_SOURCE_KITS_READONLY/AI_VIDEO_FACTORY_BLUEPRINT_KIT_v0.9.0/01_master/MASTER_BLUEPRINT.md,8760,5b9559a6ef71c9ce96b66ca9fecc5bcdf491864f02ea6583f62779f2731fc3eb,SOURCE_KIT_IMMUTABLE,NORMALIZED
02_SOURCE_KITS_READONLY/AI_VIDEO_FACTORY_BLUEPRINT_KIT_v0.9.0/01_master/REPOSITORY_STRATEGY.md,1720,64d05bb86f5cae3568ad6c7bf6a1dd24f04c55caa792fb0f610c582b85b9cbc2,SOURCE_KIT_IMMUTABLE,NORMALIZED
02_SOURCE_KITS_READONLY/AI_VIDEO_FACTORY_BLUEPRINT_KIT_v0.9.0/01_master/SYSTEM_INVARIANTS.md,1902,1c1457004848af54606da00817f7f8df282119dea121e2a5ff324663d5db73b9,SOURCE_KIT_IMMUTABLE,NORMALIZED
02_SOURCE_KITS_READONLY/AI_VIDEO_FACTORY_BLUEPRINT_KIT_v0.9.0/03_repo_blueprints/R01_CONTRACTS.md,3525,1990e0e2f97c97469c41a85b28c1d8b51d894cd4421117cf4ddf06bf67cde6c7,SOURCE_KIT_IMMUTABLE,NORMALIZED
02_SOURCE_KITS_READONLY/AI_VIDEO_FACTORY_BLUEPRINT_KIT_v0.9.0/03_repo_blueprints/R02_CORE_STATE.md,3845,e320f42031e69d9e16a297ec2830283cebdc1863bde82d2d53be158f58c6c0dd,SOURCE_KIT_IMMUTABLE,NORMALIZED
02_SOURCE_KITS_READONLY/AI_VIDEO_FACTORY_BLUEPRINT_KIT_v0.9.0/03_repo_blueprints/R03_CREATIVE.md,3735,2f63497ba76acf0a61d9dd6335008de9660af3adde2f5fcd9734605f74eddc36,SOURCE_KIT_IMMUTABLE,NORMALIZED
02_SOURCE_KITS_READONLY/AI_VIDEO_FACTORY_BLUEPRINT_KIT_v0.9.0/03_repo_blueprints/R04_ASSETS_CONTINUITY.md,3873,4162cccfcc47a757c89e91e52ce7c827f7e8f88ebd1b72484f37675d77490af4,SOURCE_KIT_IMMUTABLE,NORMALIZED
02_SOURCE_KITS_READONLY/AI_VIDEO_FACTORY_BLUEPRINT_KIT_v0.9.0/03_repo_blueprints/R05_PROMPT_COMPILER.md,3631,e53e759c5bb790b5905a8d556c187a438fd79ca713357a25fe63bf514f932ecf,SOURCE_KIT_IMMUTABLE,NORMALIZED
02_SOURCE_KITS_READONLY/AI_VIDEO_FACTORY_BLUEPRINT_KIT_v0.9.0/03_repo_blueprints/R06_WORKFLOW.md,3838,c4e8535c33b1ef8bd64388a59e6a685b8a718e0b8095259053423ed755565040,SOURCE_KIT_IMMUTABLE,NORMALIZED
02_SOURCE_KITS_READONLY/AI_VIDEO_FACTORY_BLUEPRINT_KIT_v0.9.0/03_repo_blueprints/R07_PROVIDER_SDK.md,3561,4bb25dcdb3603071dc3fd495e5a9ca26876cf70d236f2a58a6d4cefc3236c0d2,SOURCE_KIT_IMMUTABLE,NORMALIZED
02_SOURCE_KITS_READONLY/AI_VIDEO_FACTORY_BLUEPRINT_KIT_v0.9.0/03_repo_blueprints/R08_GOOGLE_FLOW_ADAPTER.md,3744,394fc53f419c8a7e498556694aff826d488c08a613d80a607fd03d68e95e9674,SOURCE_KIT_IMMUTABLE,NORMALIZED
02_SOURCE_KITS_READONLY/AI_VIDEO_FACTORY_BLUEPRINT_KIT_v0.9.0/03_repo_blueprints/R09A_R10_GOOGLE_FLOW_EXECUTION_OPTIONS.md,5705,734d5526fe52a5770824150f1615828144f12ad745ea06d9df062e3ad72eea38,SOURCE_KIT_IMMUTABLE,NORMALIZED
02_SOURCE_KITS_READONLY/AI_VIDEO_FACTORY_BLUEPRINT_KIT_v0.9.0/03_repo_blueprints/R09_BROWSER_WORKER.md,4430,663ec27313980d2cb4aabfffd524ff02e2ea34d316c63844a7c46a319128752f,SOURCE_KIT_IMMUTABLE,NORMALIZED
02_SOURCE_KITS_READONLY/AI_VIDEO_FACTORY_BLUEPRINT_KIT_v0.9.0/03_repo_blueprints/R10_FLOWKIT_BRIDGE.md,4228,8c3316e7712513e4061ea8dae3d8a8c9391671d95b63843b8106819f30c65fde,SOURCE_KIT_IMMUTABLE,NORMALIZED
02_SOURCE_KITS_READONLY/AI_VIDEO_FACTORY_BLUEPRINT_KIT_v0.9.0/03_repo_blueprints/R11_QC.md,3661,1b672a6057f5abd174173bcf49c49ae2b9b5d2ebf88ad67c13a02be25e7acf8d,SOURCE_KIT_IMMUTABLE,NORMALIZED
02_SOURCE_KITS_READONLY/AI_VIDEO_FACTORY_BLUEPRINT_KIT_v0.9.0/03_repo_blueprints/R12_MEDIA.md,3581,b26269f2674a649b5e75b02ace6b86232b7939867657693fa04119e54bbc1685,SOURCE_KIT_IMMUTABLE,NORMALIZED
02_SOURCE_KITS_READONLY/AI_VIDEO_FACTORY_BLUEPRINT_KIT_v0.9.0/03_repo_blueprints/R13_OPERATOR_CONSOLE.md,3423,7a06049a253b56c0e4dcb9d69bb1d7da6687fe291a5c8032323dac4adabb3abb,SOURCE_KIT_IMMUTABLE,NORMALIZED
02_SOURCE_KITS_READONLY/AI_VIDEO_FACTORY_BLUEPRINT_KIT_v0.9.0/03_repo_blueprints/R14_PLATFORM_OBSERVABILITY.md,3429,38d122a4e0e6e658e8b79726a10f6a86370f57aae36c33e6aedd713b497d4322,SOURCE_KIT_IMMUTABLE,NORMALIZED
02_SOURCE_KITS_READONLY/AI_VIDEO_FACTORY_BLUEPRINT_KIT_v0.9.0/03_repo_blueprints/R15_INTEGRATION_HARNESS.md,3636,7c510e18e28c8cb86c5236452e9919593f8e20caa932686cc764be670f838e16,SOURCE_KIT_IMMUTABLE,NORMALIZED
02_SOURCE_KITS_READONLY/AI_VIDEO_FACTORY_BLUEPRINT_KIT_v0.9.0/07_risk/RISK_REGISTER.md,2184,4d02608bc3a256a0e4f61860d8b39161e66750971ac61486c153141076b7aba9,SOURCE_KIT_IMMUTABLE,NORMALIZED
02_SOURCE_KITS_READONLY/AI_VIDEO_FACTORY_BLUEPRINT_KIT_v0.9.0/09_agent_packets/AGENT_BUILD_PACKET_INDEX.md,1396,6ba0ebb7a1c0876bf4ee5f224fd68bc22f1885f6d31ada03ca083281ff14a58b,SOURCE_KIT_IMMUTABLE,NORMALIZED
02_SOURCE_KITS_READONLY/AI_VIDEO_FACTORY_BLUEPRINT_KIT_v0.9.0/09_agent_packets/BUILD_PACKET_TEMPLATE.md,577,397b8b4bad54051da85dd1a797e485108fd8c56cc88a460aa3240f4849390c2a,SOURCE_KIT_IMMUTABLE,NORMALIZED
02_SOURCE_KITS_READONLY/AI_VIDEO_FACTORY_BLUEPRINT_KIT_v0.9.0/00_governance/00_REVIEWER_ENTRYPOINT.md,2224,470bd11ba8909cc98f3cb77e03d6ba3d082789f1736264a312df622269abe233,SOURCE_KIT_IMMUTABLE,NORMALIZED
02_SOURCE_KITS_READONLY/AI_VIDEO_FACTORY_BLUEPRINT_KIT_v0.9.0/00_governance/01_SPEC_FREEZE_POLICY.md,1298,a8d6434086a95f9ca20e23b4ca7d6cbae1c00b06e88936280c1bfe9a921dcbda,SOURCE_KIT_IMMUTABLE,NORMALIZED
02_SOURCE_KITS_READONLY/AI_VIDEO_FACTORY_BLUEPRINT_KIT_v0.9.0/00_governance/02_CHANGE_CONTROL.md,476,dccaa260ee2867874603beb7d18d90af68d1102fce543963c2ae098de253ae9c,SOURCE_KIT_IMMUTABLE,NORMALIZED
02_SOURCE_KITS_READONLY/AI_VIDEO_FACTORY_BLUEPRINT_KIT_v0.9.0/00_governance/03_DEFINITION_OF_DONE.md,750,03b8b11b3fa4cba199d219517bfc3b05bef426f986e34c80f94d5e45194b3f03,SOURCE_KIT_IMMUTABLE,NORMALIZED
02_SOURCE_KITS_READONLY/AI_VIDEO_FACTORY_BLUEPRINT_KIT_v0.9.0/00_governance/04_REVIEW_COMMENT_LOG_TEMPLATE.md,541,206171380cc88658f932ab53a4cbd0fbca3f72a384cab3d341980463094440a4,SOURCE_KIT_IMMUTABLE,NORMALIZED
02_SOURCE_KITS_READONLY/AI_VIDEO_FACTORY_BLUEPRINT_KIT_v0.9.0/02_contracts/API_COMPATIBILITY_POLICY.md,830,7cc66c7c64b733f48bc7e3bd789b66aab6af29ebee1a9143ec68656d3e44caea,SOURCE_KIT_IMMUTABLE,NORMALIZED
02_SOURCE_KITS_READONLY/AI_VIDEO_FACTORY_BLUEPRINT_KIT_v0.9.0/02_contracts/CONTRACTS_OVERVIEW.md,1445,c740544bcf4b55a39a85fe68b1483e059315bb651f21a42ed76ecea64c715f6c,SOURCE_KIT_IMMUTABLE,NORMALIZED
02_SOURCE_KITS_READONLY/AI_VIDEO_FACTORY_BLUEPRINT_KIT_v0.9.0/02_contracts/STATUS_STATE_MACHINES.md,1072,0a69f4dfce1a6fc22785020eefd3e0f26bf0b9e9f3762915004514955cfc4ccd,SOURCE_KIT_IMMUTABLE,NORMALIZED
02_SOURCE_KITS_READONLY/AI_VIDEO_FACTORY_BLUEPRINT_KIT_v0.9.0/02_contracts/browser-command.schema.json,1402,d15806c29525bbfe776177251c0d20548c41adb2c44e2970120b1881099a3454,SOURCE_KIT_IMMUTABLE,NORMALIZED
02_SOURCE_KITS_READONLY/AI_VIDEO_FACTORY_BLUEPRINT_KIT_v0.9.0/02_contracts/domain-entities.schema.json,2686,70dd3075c355171d462b7a71384ab0e9dbda9bd095c86fef0527da4ef5cc12a4,SOURCE_KIT_IMMUTABLE,NORMALIZED
02_SOURCE_KITS_READONLY/AI_VIDEO_FACTORY_BLUEPRINT_KIT_v0.9.0/02_contracts/event-envelope.schema.json,905,de702d6ba57e3e9605a2baf4ba233e6a1b4869a302efa4f41cc2d2c98cf7527e,SOURCE_KIT_IMMUTABLE,NORMALIZED
02_SOURCE_KITS_READONLY/AI_VIDEO_FACTORY_BLUEPRINT_KIT_v0.9.0/02_contracts/provider-request.schema.json,2420,3d692abe36c70570627be726930667a9edf66459636a39fec67f1df81fabbebd,SOURCE_KIT_IMMUTABLE,NORMALIZED
02_SOURCE_KITS_READONLY/AI_VIDEO_FACTORY_BLUEPRINT_KIT_v0.9.0/02_contracts/provider-result.schema.json,1764,f3f1bdf1e3df9628e1c097b5f4f0216decabcaa402a387eaa8916ef53d4e9be2,SOURCE_KIT_IMMUTABLE,NORMALIZED
